Modalidade;Natureza;Situação;Número;Abertura;Entidade;Resumo objeto;Preço de abertura
Convite;Normal;Homologada;13 / 2022;18/01/2023 13h00;Prefeitura do Município de Londrina;elaboração de projetos para passeios e passarelas no Vale do Rubi;"21.750,00"
Convite;Normal;Homologada;3 / 2023;25/05/2023 13h00;Prefeitura do Município de Londrina;Contratação do serviço de elaboração de projetos e serviços de engenharia para r;"57.460,00"
Convite;Normal;Homologada;2 / 2023;10/04/2023 13h00;Prefeitura do Município de Londrina;Elaboração de projetos para Reforma e ampliação na unidade Centro POP.;"20.870,00"
Convite;Normal;Homologada;1 / 2023;15/03/2023 13h00;Prefeitura do Município de Londrina;Contratação de projetos completos e aprovados para reforma UBS Jard Bandeirantes;"49.048,00"
Tomada de preços;Normal;Homologada;19 / 2022;09/01/2023 10h00;Prefeitura do Município de Londrina;Duplicação da Avenida Juvenal Pietraróia;"2.398.854,91"
Tomada de preços;Normal;Homologada;8 / 2023;10/08/2023 13h00;Prefeitura do Município de Londrina;Revitalização do Centro Comunitário do Vila Nova;"2.802.004,50"
Tomada de preços;Normal;Homologada;7 / 2023;08/08/2023 13h00;Prefeitura do Município de Londrina;Execução das obras de  Revitalização do fundo de vale Córrego Jerimu;"2.692.940,46"
Tomada de preços;Normal;Homologada;6 / 2023;06/06/2023 13h00;Prefeitura do Município de Londrina;"Construção da Quadra Poliesportiva da Associação Flávia Cristina na Avenida, sit";"1.402.696,01"
Tomada de preços;Normal;Homologada;5 / 2023;11/04/2023 13h00;Prefeitura do Município de Londrina;Execução de Infraestrutura completa JD Nova Esperança;"625.075,52"
Tomada de preços;Normal;Fracassada;4 / 2023;06/04/2023 13h00;Prefeitura do Município de Londrina;Execução de reforma de um barracão de triagem e beneficiamento do lixo recicláve;"1.243.155,87"
Tomada de preços;Normal;Revogada;3 / 2023;11/05/2023 13h00;Prefeitura do Município de Londrina;Execução das obras de Prolongamento das Ruas Sirso Pedro da Silva e Leonides;"666.401,20"
Tomada de preços;Normal;Homologada;2 / 2023;28/02/2023 13h00;Prefeitura do Município de Londrina;Execução das obras para a duplicação da Av Paulo Novaes da Silveira;"1.818.057,33"
Tomada de preços;Normal;Homologada;1 / 2023;08/02/2023 13h00;Prefeitura do Município de Londrina;Recapeamento asfáltico da Rua Tanganica;"1.071.423,48"
Concorrência;Normal;Homologada;24 / 2022;09/02/2023 13h00;Prefeitura do Município de Londrina;execução de Infraestrutura completa para fins de Regularização Fundiária;"1.793.236,42"
Concorrência;Normal;Homologada;23 / 2022;09/01/2023 13h00;Prefeitura do Município de Londrina;Recuperação da Rodovia Benedito Bento dos Santos;"4.862.399,26"
Concorrência;Normal;Homologada;57 / 2023;21/12/2023 14h00;Prefeitura do Município de Londrina;Reforma e ampliação da Escola Municipal Francisco Pereira de Almeida Júnior;"6.503.188,23"
Concorrência;Normal;Andamento (aguardando homologação);56 / 2023;20/12/2023 10h00;Prefeitura do Município de Londrina;Execução de Obras de Reforma e Ampliação das Escolas Municipais Mábio Gonçalves;"35.804.741,10"
Concorrência;Normal;Fracassada;55 / 2023;18/12/2023 13h00;Prefeitura do Município de Londrina;Execução da obra de Drenagem da Rua Sebastião Cesário de Souza com a Rua Vitório;"129.254,99"
Concorrência;Normal;Homologada;54 / 2023;15/12/2023 13h00;Prefeitura do Município de Londrina;Reforma e ampliação da Escola Municipal Hikoma Udihara.;"9.330.212,92"
Concorrência;Normal;Andamento (aguardando homologação);53 / 2023;15/12/2023 13h00;Prefeitura do Município de Londrina;Projeto estrada Lerroville;"363.075,00"
Concorrência;Normal;Homologada;52 / 2023;18/12/2023 13h00;Prefeitura do Município de Londrina;Execução das Obras de Revitalização - Campo de Futebol de Lerroville;"1.334.914,90"
Concorrência;Normal;Homologada;51 / 2023;19/12/2023 13h00;Prefeitura do Município de Londrina;Reforma das Canchas de Bocha do Município de Londrina;"58.799,31"
Concorrência;Normal;Homologada;50 / 2023;15/12/2023 13h00;Prefeitura do Município de Londrina;Execução da Obra de Reforma da USB do Jardim San Izidro;"753.065,04"
Concorrência;Normal;Andamento (aguardando homologação);49 / 2023;14/12/2023 13h00;Prefeitura do Município de Londrina;Execução de obra de Reforma da Unidade Básica de Saúde do Jardim Itapoã;"759.967,57"
Concorrência;Normal;Homologada;48 / 2023;30/11/2023 13h00;Prefeitura do Município de Londrina;Implantação de Videomonitoramento e Alarme Monitorado na sede do Arquivo Público;"45.293,62"
Concorrência;Normal;Homologada;47 / 2023;28/11/2023 13h00;Prefeitura do Município de Londrina;Projetos EM Jose Hosken de Novaes;"66.170,00"
Concorrência;Normal;Homologada;46 / 2023;24/11/2023 13h00;Prefeitura do Município de Londrina;"Drenagem e de Pavimentação nas Av Waldemar Spranger, Av Octávio Genta";"12.668.897,69"
Concorrência;Normal;Homologada;45 / 2023;21/11/2023 13h00;Prefeitura do Município de Londrina;Construção do Pró-infância Moradas de Portugal II;"5.752.340,22"
Concorrência;Normal;Homologada;44 / 2023;10/11/2023 13h00;Prefeitura do Município de Londrina;Execução de obras de Drenagem da Rua Celeste Castanha de Barros;;"1.669.943,39"
Concorrência;;Homologada;43 / 2023;10/11/2023 13h00;Prefeitura do Município de Londrina;Execução Obra de Implantação da Quadra Poliesportiva Jardim Carnacialli;"536.400,38"
Concorrência;Normal;Homologada;42 / 2023;07/11/2023 13h00;Prefeitura do Município de Londrina;Mautencao_Predial_AMS;"8.000.000,00"
Concorrência;Normal;Homologada;41 / 2023;31/10/2023 13h00;Prefeitura do Município de Londrina;Execução de Obras de Construção dos Prontos Atendimentos Municipais;"19.216.559,29"
Concorrência;Normal;Homologada;40 / 2023;31/10/2023 13h00;Prefeitura do Município de Londrina;Execução de obra de Reforma da Unidade Básica de Saúde Chefe Newton/Paraty;"578.207,29"
Concorrência;Normal;Homologada;39 / 2023;16/10/2023 13h00;Prefeitura do Município de Londrina;xecução de obra de Recuperação e Ampliação da rede de drenagem da rua Rita Cajol;"1.180.629,99"
Concorrência;Normal;Homologada;38 / 2023;04/10/2023 13h00;Prefeitura do Município de Londrina;Reforma no Barracão de triagem e beneficiamento do lixo reciclável;"1.516.508,05"
Concorrência;Normal;Homologada;37 / 2023;20/11/2023 13h00;Prefeitura do Município de Londrina;RP para eventual contratação de Revitalização de Campos de Futebol;"13.601.429,15"
Concorrência;Normal;Homologada;36 / 2023;26/09/2023 13h00;Prefeitura do Município de Londrina;Reforma da Unidade Básica de Saúde do Distrito de Guaravera;"419.539,66"
Concorrência;Normal;Homologada;35 / 2023;05/10/2023 16h00;Prefeitura do Município de Londrina;"Recape de Vias Urbanas, 30.675,08 m2";"3.197.007,05"
Concorrência;Normal;Andamento (aguardando homologação);34 / 2023;18/10/2023 13h00;Prefeitura do Município de Londrina;Execução de Obra de Recuperação Estrutural da Unidade de Pronto Atendimento - UP;"1.646.444,48"
Concorrência;Normal;Homologada;33 / 2023;20/10/2023 13h00;Prefeitura do Município de Londrina;"Execução de obras de Reforço na drenagem das Ruas Benício Camilo, Rua Joaquim Te";"1.255.653,84"
Concorrência;Normal;Homologada;32 / 2023;20/09/2023 13h00;Prefeitura do Município de Londrina;Reforma da Unidade Básica de Saúde do Distrito de Irerê;"1.556.895,38"
Concorrência;Normal;Revogada;31 / 2023;21/09/2023 13h00;Prefeitura do Município de Londrina;Execução de obra de Pavimentação e recape de vias urbanas em CBUQ - Trechos no B;"12.404.584,60"
Concorrência;Normal;Homologada;30 / 2023;14/09/2023 13h00;Prefeitura do Município de Londrina;Centro de Bem Estar Animal - PARANACIDADE;"6.073.522,44"
Concorrência;Normal;Homologada;29 / 2023;29/08/2023 13h00;Prefeitura do Município de Londrina;Execução da obra de Recuperação da Unidade Básica de Saúde "Pastor Ivo Luiz de S;"124.447,87"
Concorrência;Normal;Homologada;28 / 2023;30/08/2023 13h00;Prefeitura do Município de Londrina;Regularização fundiária - Marieta II;"6.160.161,91"
Concorrência;Normal;Homologada;27 / 2023;22/08/2023 13h00;Prefeitura do Município de Londrina;Passarela e Calçada - Fundo de Vale do Rubi;"374.269,85"
Concorrência;Normal;Homologada;26 / 2023;23/08/2023 13h00;Prefeitura do Município de Londrina;Regularização fundiária - Jd Monte Cristo;"588.944,15"
Concorrência;Normal;Fracassada;25 / 2023;17/08/2023 13h00;Prefeitura do Município de Londrina;Elaboração de projetos para a Construção do novo Centro de Convivência da Pessoa;"232.064,00"
Concorrência;Normal;Homologada;24 / 2023;18/08/2023 13h00;Prefeitura do Município de Londrina;Execução de obras de Implantação do Campo de Futebol do Jardim Santa Cruz;;"679.083,51"
Concorrência;Normal;Fracassada;23 / 2023;17/08/2023 13h00;Prefeitura do Município de Londrina;Registro de Preços Contratação de Serviços de Terraplenagem e Correlatos;"5.319.688,73"
Concorrência;Normal;Homologada;22 / 2023;16/08/2023 13h00;Prefeitura do Município de Londrina;Execução Obra Revitalização Canteiro Central Avenida Curitiba;"851.030,17"
Concorrência;Normal;Homologada;21 / 2023;01/09/2023 13h00;Prefeitura do Município de Londrina;Execução Infraestrutura paraRegularização Fundiária COHAB-LD - CONJ VIVI XAVIER;"2.331.209,79"
Concorrência;Normal;Homologada;20 / 2023;07/08/2023 13h00;Prefeitura do Município de Londrina;Execução das juntas de dilatação da ponte entre os distritos de Paiquerê/Guairac;"42.921,25"
Concorrência;Normal;Homologada;19 / 2023;28/07/2023 13h00;Prefeitura do Município de Londrina;Execução de Infraestrutura completa para fins de regularização fundiária;"1.017.662,07"
Concorrência;Normal;Homologada;18 / 2023;11/08/2023 13h00;Prefeitura do Município de Londrina;Execução Obra Duplicação Rua Itajaí entre R Araguaia e R Rio da Prata;"856.739,82"
Concorrência;Normal;Homologada;17 / 2023;10/08/2023 13h00;Prefeitura do Município de Londrina;Obras Pavimentação Via Urbana - Trecho Av SAUL ELKIND - R André Buck e Av Garis;"6.424.357,21"
Concorrência;Normal;Homologada;16 / 2023;06/07/2023 13h00;Prefeitura do Município de Londrina;"Contratação de projetos e serviços de engenharia, modelados em BIM CMEI Malvina";"220.360,00"
Concorrência;Normal;Homologada;15 / 2023;04/07/2023 13h00;Prefeitura do Município de Londrina;recapeamento Av. Dez de Dezembro entre a Av.Portugal e Rua Atílio Otávio Bizato;"6.455.176,26"
Concorrência;Normal;Homologada;14 / 2023;27/06/2023 13h00;Prefeitura do Município de Londrina;Recape de Vias Urbanas;"3.594.711,36"
Concorrência;Normal;Homologada;13 / 2023;15/06/2023 13h00;Prefeitura do Município de Londrina;Execução de cercamento e adequações no Parque Arthur Thomas;"5.834.597,84"
Concorrência;Normal;Homologada;12 / 2023;14/06/2023 13h00;Prefeitura do Município de Londrina;Execução das obras da Avenida Dez de Dezembro;"1.639.404,09"
Concorrência;Normal;Revogada;11 / 2023;12/07/2023 13h00;Prefeitura do Município de Londrina;Execução das obras de Drenagem de ruas no Pq. Universitário no Mun. de Londrina.;"1.129.751,01"
Concorrência;Normal;Homologada;10 / 2023;17/05/2023 13h00;Prefeitura do Município de Londrina;Contratação da obra de execução da Escola Municipal Trabalho Campo e Saber;"8.632.500,90"
Concorrência;Normal;Homologada;9 / 2023;30/06/2023 13h00;Prefeitura do Município de Londrina;Registro de preços para a execução de revitalização de Quadra Poliesportiva;"5.033.250,76"
Concorrência;Normal;Homologada;8 / 2023;30/05/2023 13h00;Prefeitura do Município de Londrina;Execução das obras de Recape da Rodovia Mábio Gonçalves Palhano;"4.564.171,71"
Concorrência;Registro de Preços;Homologada;7 / 2023;05/05/2023 13h00;Prefeitura do Município de Londrina;conservação de pavimentos viários "Tapa-buracos" -;"12.657.530,89"
Concorrência;Normal;Homologada;6 / 2023;13/06/2023 13h00;Prefeitura do Município de Londrina;Execução das obras para Iluminação do campo do Estádio Municipal Jacy Scaff;"2.662.011,13"
Concorrência;Normal;Homologada;5 / 2023;26/04/2023 13h00;Prefeitura do Município de Londrina;Execução das obras para Drenagem e Pavimentação da rua Francisco Salton;"1.059.037,98"
Concorrência;Normal;Homologada;4 / 2023;25/04/2023 13h00;Prefeitura do Município de Londrina;Reforma da Câmara Municipal de Londrina;"16.762.056,56"
Concorrência;Normal;Revogada;3 / 2023;19/05/2023 13h00;Prefeitura do Município de Londrina;Execução de obras de Recuperação Estrutural da Unidade de Pronto Atendimento - U;"1.074.615,41"
Concorrência;Normal;Homologada;2 / 2023;21/03/2023 13h00;Prefeitura do Município de Londrina;"Execução das obras de recuperação de pavimento, reparos em drenagem e calçadas,";"4.846.173,54"
Concorrência;Normal;Homologada;1 / 2023;10/02/2023 13h00;Prefeitura do Município de Londrina;Execução de Infraestrutura Jd. Marizia;"3.997.436,52"
Leilão;Normal;Andamento (aguardando homologação);1 / 2023;28/04/2023 13h00;Prefeitura do Município de Londrina;"Alienação, mediante Leilão Público eletrônico, pertencentes à ACESF";"62.008,00"
Pregão;Eletrônico;Homologada;412 / 2022;16/01/2023 09h00;Prefeitura do Município de Londrina;Registro de  preço de papel sulfite para diversas diretorias da CMTU-LD.;"43.440,97"
Pregão;Eletrônico;Deserta;411 / 2022;19/01/2023 14h00;Prefeitura do Município de Londrina;Registro de preço para eventual aquisição de peças e acessórios para Bebedouros.;"7.421,34"
Pregão;Eletrônico;Homologada;410 / 2022;18/01/2023 14h00;Prefeitura do Município de Londrina;Serviço de limpeza e desinfecção química de caixas d'água e resevatórios.;"8.307,12"
Pregão;Eletrônico;Deserta;409 / 2022;17/01/2023 14h00;Prefeitura do Município de Londrina;"Lavagem simnples, completa, de motor, cera para veículos, motos e caminhões.";"20.199,41"
Pregão;Eletrônico;Homologada;408 / 2022;27/01/2023 13h00;Prefeitura do Município de Londrina;Aquisição imediata de medicamentos para o Canil da Guarda Municipal de Londrina.;"6.536,60"
Pregão;Eletrônico;Homologada;407 / 2022;29/03/2023 14h00;Prefeitura do Município de Londrina;Prestação de serviço manutenção preventiva e corretiva portões automatizados.;"25.385,82"
Pregão;Eletrônico;Homologada;406 / 2022;18/01/2023 09h00;Prefeitura do Município de Londrina;Registro de preços para eventual aquisição de refeição pronta (marmitex).;"2.083,00"
Pregão;Eletrônico;Homologada;405 / 2022;25/01/2023 13h00;Prefeitura do Município de Londrina;"Aquisição de equipamentos hospitalares, AUTOCLAVES";"247.621,33"
Pregão;Registro de Preços;Homologada;404 / 2022;24/01/2023 13h00;Prefeitura do Município de Londrina;Registro de preços Aquisição Gêneros Alimentícios Logística Ponto-a-Ponto;"6.766.155,32"
Pregão;Eletrônico;Homologada;403 / 2022;26/01/2023 13h00;Prefeitura do Município de Londrina;Aquisição de trator cortador de grama tipo helicoidal de precisão;"339.176,63"
Pregão;Eletrônico;Homologada;402 / 2022;20/01/2023 10h00;Prefeitura do Município de Londrina;"Serviços de  limpeza, conservação predial, higienização e copeiragem";"7.371.927,59"
Pregão;Presencial;Homologada;401 / 2022;24/01/2023 13h00;Prefeitura do Município de Londrina;Aquisição de Bicicletas Elétricas - E-BIKE e acessórios para Guarda Municipal;"45.812,48"
Pregão;Registro de Preços;Homologada;400 / 2022;15/05/2023 13h00;Prefeitura do Município de Londrina;Registro de Preços para a Eventual Aquisição de Material Médico Hospitalar.;"793.634,22"
Pregão;Eletrônico;Homologada;399 / 2022;26/01/2023 13h00;Prefeitura do Município de Londrina;Aquisição imediata de produtos funerários e materiais para preparação de corpos;"180.767,42"
Pregão;Registro de Preços;Homologada;398 / 2022;24/01/2023 13h00;Prefeitura do Município de Londrina;Registro de Preço para eventual aquisição de Material Médico Hospitalar (insumos;"60.441,13"
Pregão;Presencial;Homologada;397 / 2022;23/01/2023 13h00;Prefeitura do Município de Londrina;Aquisição de materiais elétricos e correlatos;"189.336,29"
Pregão;Registro de Preços;Homologada;396 / 2022;16/01/2023 10h00;Prefeitura do Município de Londrina;Registro de Preços para eventual aquisição de equipamentos e mobiliários;"11.725.057,27"
Pregão;Registro de Preços;Homologada;395 / 2022;23/01/2023 13h00;Prefeitura do Município de Londrina;Registro de Preços eventual aquisição de persianas horizontais e instalação;"1.071.657,29"
Pregão;Eletrônico;Homologada;394 / 2022;19/01/2023 15h00;Prefeitura do Município de Londrina;Aquisição de material de limpeza e de higiene pessoal.;"135.669,66"
Pregão;Registro de Preços;Homologada;393 / 2022;23/01/2023 10h00;Prefeitura do Município de Londrina;Registro de Preços de Medicamentos;"6.948.397,86"
Pregão;Registro de Preços;Homologada;392 / 2022;23/01/2023 10h00;Prefeitura do Município de Londrina;Registro de Preços de materiais odontológicos para todas as Unidades da Autarqui;"67.972,75"
Pregão;Presencial;Homologada;391 / 2022;20/01/2023 13h00;Prefeitura do Município de Londrina;Aquisição de piso tátil para o Município de Londrina;"55.496,20"
Pregão;Presencial;Homologada;390 / 2022;19/01/2023 13h00;Prefeitura do Município de Londrina;Manutenção Corretiva e Fornecimento de Peças para Equipamentos de Lavanderia AMS;"297.400,20"
Pregão;Presencial;Homologada;389 / 2022;17/01/2023 13h00;Prefeitura do Município de Londrina;Contratação de empresa especializada em manutenção preventiva e corretiva de equ;"484.124,98"
Pregão;Eletrônico;Homologada;388 / 2022;16/01/2023 13h00;Prefeitura do Município de Londrina;Aquisição de móveis e equipamentos hospitalares para as unidades da Autarquia M;"400.785,25"
Pregão;Registro de Preços;Andamento (aguardando homologação);387 / 2022;18/01/2023 10h00;Prefeitura do Município de Londrina;Registro de Preços para eventual prestação de serviços de Plotagem.;"48.576,10"
Pregão;Eletrônico;Homologada;386 / 2022;17/01/2023 10h00;Prefeitura do Município de Londrina;Aquisição de eletrodomésticos para a Secretaria Municipal do Idoso;"3.719,00"
Pregão;Registro de Preços;Homologada;385 / 2022;13/01/2023 13h00;Prefeitura do Município de Londrina;Registro de preços para eventual aquisição de dermocosméticos;"23.774,62"
Pregão;Registro de Preços;Homologada;384 / 2022;16/01/2023 10h00;Prefeitura do Município de Londrina;Registro de preço para aquisição de medicamentos manipulados para atendimento à;"520.182,42"
Pregão;Eletrônico;Homologada;383 / 2022;20/01/2023 13h00;Prefeitura do Município de Londrina;Aquisição equipamentos de cozinha industrial;"744.779,28"
Pregão;Presencial;Homologada;382 / 2022;23/01/2023 10h00;Prefeitura do Município de Londrina;Manutenção Corretiva e Fornecimento de Peças - Bombas Costais STHIL Modelo-SR430;"43.525,00"
Pregão;Eletrônico;Homologada;379 / 2022;11/01/2023 15h00;Prefeitura do Município de Londrina;Prestação de Serviços de  de COLETA e ANÁLISE DE ÁGUAS SUBTERRÂNEAS;"13.793,00"
Pregão;Registro de Preços;Homologada;377 / 2022;31/01/2023 10h00;Prefeitura do Município de Londrina;Registro de preço para eventual aquisição de medicamentos para para utilização d;"5.456.344,43"
Pregão;Presencial;Homologada;374 / 2022;14/02/2023 13h00;Prefeitura do Município de Londrina;Registro de preços para a eventual contratação da Execução de Sondagem SPT-T;"328.833,18"
Pregão;Registro de Preços;Homologada;373 / 2022;24/03/2023 13h00;Prefeitura do Município de Londrina;Registro de preço para eventual aquisição e instalação de cortinas;"7.113.550,00"
Pregão;Eletrônico;Homologada;372 / 2022;10/01/2023 15h00;Prefeitura do Município de Londrina;"Aquisição de 01 computador, visando atender contrapartida do Termo de Convênio n";"7.269,71"
Pregão;Eletrônico;Homologada;370 / 2022;20/01/2023 13h00;Prefeitura do Município de Londrina;Aquisição de veículo para repor e complementar a frota no enfrentamento da crimi;"614.222,61"
Pregão;Registro de Preços;Homologada;368 / 2022;10/01/2023 13h00;Prefeitura do Município de Londrina;Registro de preços para eventual aquisição de certificado digital e a Contrataçã;"18.014,19"
Pregão;Eletrônico;Homologada;367 / 2022;16/01/2023 13h00;Prefeitura do Município de Londrina;Aquisição de máquina de braile;"21.440,01"
Pregão;Registro de Preços;Homologada;366 / 2022;12/01/2023 13h00;Prefeitura do Município de Londrina;Prestação de serviços de manutenção corretiva e preventiva de equipamentos;"425.171,05"
Pregão;Registro de Preços;Homologada;365 / 2022;10/01/2023 09h00;Prefeitura do Município de Londrina;Registro de Preços Contrato Serviço Exame Capacidade Psicológica Porte Arma GM;"60.417,50"
Pregão;Eletrônico;Homologada;363 / 2022;11/01/2023 13h00;Prefeitura do Município de Londrina;Registro de Preços para aquisição de material médico hospitalar e insumos de lab;"1.340.962,00"
Pregão;Eletrônico;Homologada;362 / 2022;09/01/2023 13h00;Prefeitura do Município de Londrina;"Aquisição equipamentos odontológicos (Motor Cirúrgico para implante dentário, Ap";"14.145,97"
Pregão;Presencial;Homologada;361 / 2022;12/01/2023 13h00;Prefeitura do Município de Londrina;"Aquisição imediata de Fogão Cooktop, Fogão Doméstico e Geladeira para as Capelas";"8.245,02"
Pregão;Registro de Preços;Homologada;360 / 2022;11/01/2023 13h00;Prefeitura do Município de Londrina;Registro de Preços para Locação de Tendas;"995.122,22"
Pregão;Eletrônico;Homologada;359 / 2022;10/01/2023 13h00;Prefeitura do Município de Londrina;"Aquisição de material para cama, mesa e banho";"621.044,38"
Pregão;Eletrônico;Homologada;358 / 2022;09/01/2023 10h00;Prefeitura do Município de Londrina;Registro de Preços para aquisição de Materiais Hospitalares que constam da lista;"846.005,21"
Pregão;Registro de Preços;Homologada;356 / 2022;13/01/2023 09h00;Prefeitura do Município de Londrina;Registro de Preços de medicamentos para utilização nas unidades da Secretaria Mu;"1.974.064,65"
Pregão;Registro de Preços;Homologada;353 / 2022;10/01/2023 10h00;Prefeitura do Município de Londrina;Registro de Preços de medicamentos;"1.768.560,33"
Pregão;Registro de Preços;Homologada;346 / 2022;13/01/2023 13h00;Prefeitura do Município de Londrina;"Registro de preço para locação de climatizadores evaporativos,";"120.277,00"
Pregão;Presencial;Homologada;340 / 2022;12/01/2023 13h00;Prefeitura do Município de Londrina;Aquisição imediata de garrafa squeeze personalizada;"490.072,50"
Pregão;Eletrônico;Homologada;328 / 2022;11/01/2023 10h00;Prefeitura do Município de Londrina;Aquisição de equipamentos (instalados) de musculação para espaço aberto e materi;"409.661,88"
Pregão;Eletrônico;Andamento (aguardando homologação);310 / 2022;08/03/2023 13h00;Prefeitura do Município de Londrina;Aquisição de um (1) veiculo utilitário pick up - convênio SEDU n°741/2022.;"92.076,37"
Pregão;Eletrônico;Homologada;289 / 2022;18/01/2023 13h00;Prefeitura do Município de Londrina;Aquisição imediata de aparelhos telefônicos para o município de Londrina;"17.004,00"
Pregão;Eletrônico;Homologada;230 / 2023;20/12/2023 13h00;Prefeitura do Município de Londrina;Registro de Preços para eventual aquisição de Tampão FF D400 padrão PML.;"142.581,00"
Pregão;Eletrônico;Andamento (aguardando homologação);228 / 2023;19/12/2023 13h00;Prefeitura do Município de Londrina;Aquisição de uma Motoniveladora;;"1.153.750,00"
Pregão;Eletrônico;Andamento (aguardando homologação);227 / 2023;12/12/2023 13h00;Prefeitura do Município de Londrina;Produtos_odontologicos;"53.032,67"
Pregão;Presencial;Homologada;226 / 2023;13/12/2023 13h00;Prefeitura do Município de Londrina;Registro de Preço para eventual aquisição de impressos para SMAS.;"35.310,00"
Pregão;Eletrônico;Andamento (aguardando homologação);225 / 2023;11/12/2023 13h00;Prefeitura do Município de Londrina;Aquisição de instrumentos musicais para uso nas unidades escolares.;"328.888,99"
Pregão;Eletrônico;Andamento (aguardando homologação);224 / 2023;12/12/2023 13h00;Prefeitura do Município de Londrina;Rp eventual aquisição de fraldas Geriátricas e infantis;"760.570,00"
Pregão;Eletrônico;Homologada;223 / 2023;13/12/2023 13h00;Prefeitura do Município de Londrina;Reagentes_Tela Serigrafica;"10.884,56"
Pregão;Eletrônico;Andamento (aguardando homologação);222 / 2023;29/12/2023 10h00;Prefeitura do Município de Londrina;Contratação de serviços de transporte escolar rural e urbano para o município de;"66.476.663,18"
Pregão;Eletrônico;Homologada;221 / 2023;14/12/2023 13h00;Prefeitura do Município de Londrina;Registro de Preços para eventual fornecimento de material médico hospitalar.;"198.391,64"
Pregão;Presencial;Homologada;220 / 2023;12/12/2023 13h00;Prefeitura do Município de Londrina;Prestação continuada de serviços de manutenção preventiva e corretiva com fornec;"73.053,41"
Pregão;Eletrônico;Andamento (aguardando homologação);219 / 2023;21/12/2023 10h00;Prefeitura do Município de Londrina;Aquisição e Instalação de gerador de energia para a Sede do Complexo SAMU;"136.654,08"
Pregão;Eletrônico;Andamento (aguardando homologação);218 / 2023;22/12/2023 10h00;Prefeitura do Município de Londrina;Aquisição de equipamentos de informática (Computadores e Tablets);"26.652.377,73"
Pregão;Eletrônico;Andamento (aguardando homologação);217 / 2023;08/12/2023 13h00;Prefeitura do Município de Londrina;Mat_Med_Hospitalar;"2.615.360,86"
Pregão;Registro de Preços;Homologada;216 / 2023;07/12/2023 13h00;Prefeitura do Município de Londrina;Registro de Preço para para a eventual aquisição de ração para cães e gatos.;"1.692.220,50"
Pregão;Eletrônico;Andamento (aguardando homologação);215 / 2023;08/12/2023 13h00;Prefeitura do Município de Londrina;Registro de Preços para Eventual Aquisição de Livros para uso com os alunos das;"938.857,32"
Pregão;Eletrônico;Homologada;214 / 2023;12/12/2023 13h00;Prefeitura do Município de Londrina;Registro de preços aquisição eventual Testes Rápidos de antígeno (Ag) COVID-19;"513.600,00"
Pregão;Eletrônico;Andamento (aguardando homologação);213 / 2023;19/12/2023 13h00;Prefeitura do Município de Londrina;Locação de Equipamentos - Concentrador de Oxigênio Portátil e Ventilação Mecânic;"361.155,46"
Pregão;Presencial;Homologada;212 / 2023;06/12/2023 13h00;Prefeitura do Município de Londrina;Aquisição Imediata de Aparelhos e Máquinas de Cozinha Industrial;"197.849,49"
Pregão;Eletrônico;Homologada;211 / 2023;04/12/2023 13h00;Prefeitura do Município de Londrina;Aquisição de veículos de passeio por meio de TERMO DE CONVÊNIO Nº 29/2023 - SECI;"324.375,00"
Pregão;Eletrônico;Homologada;210 / 2023;05/12/2023 13h00;Prefeitura do Município de Londrina;Manutenção Corretiva Trailer Castramóvel;"26.425,00"
Pregão;Eletrônico;Andamento (aguardando homologação);209 / 2023;04/12/2023 13h00;Prefeitura do Município de Londrina;Aquisição imediata de equipamentos médicos hospitalares para as Unidades Básicas;"246.303,56"
Pregão;Presencial;Andamento (aguardando homologação);208 / 2023;05/12/2023 13h00;Prefeitura do Município de Londrina;Registro de Preço para eventual aquisição de insumos agrícolas e correlatos;"151.906,99"
Pregão;Eletrônico;Andamento (aguardando homologação);207 / 2023;04/12/2023 13h00;Prefeitura do Município de Londrina;Registro de Preços para eventual aquisição de Equipamentos e Mobiliários.;"2.576.831,50"
Pregão;Eletrônico;Andamento (aguardando homologação);206 / 2023;04/12/2023 13h00;Prefeitura do Município de Londrina;Registro de preços para eventual aquisição de Fórmulas infantis especiais e diet;"9.996.121,46"
Pregão;Eletrônico;Andamento (aguardando homologação);205 / 2023;30/11/2023 13h00;Prefeitura do Município de Londrina;Aq veiculo SMAS;"93.505,00"
Pregão;Eletrônico;Andamento (aguardando homologação);204 / 2023;05/12/2023 13h00;Prefeitura do Município de Londrina;Contratação piso moringão;"890.673,78"
Pregão;Eletrônico;Homologada;203 / 2023;30/11/2023 10h00;Prefeitura do Município de Londrina;Registro de preços para eventual aquisição de ovos de galinha com logística de;"3.141.212,40"
Pregão;Eletrônico;Homologada;202 / 2023;28/11/2023 13h00;Prefeitura do Município de Londrina;"Aquisição de materiais, equipamentos e insumos";"75.892,23"
Pregão;Registro de Preços;Homologada;201 / 2023;28/11/2023 13h00;Prefeitura do Município de Londrina;Registro de Preços para a eventual contratação de empresas para a prestação dos;"582.837,64"
Pregão;Eletrônico;Homologada;200 / 2023;24/11/2023 13h00;Prefeitura do Município de Londrina;Registro de preços para eventual aquisição de materiais laboratoriais;"2.128.800,25"
Pregão;Eletrônico;Homologada;199 / 2023;22/11/2023 13h00;Prefeitura do Município de Londrina;Cabos para monitores multiparamétricos e acessórios de PNI;"16.715,13"
Pregão;Eletrônico;Homologada;198 / 2023;23/11/2023 13h00;Prefeitura do Município de Londrina;Aquisição imediata de garrafa  térmica;"114.631,69"
Pregão;Eletrônico;Homologada;197 / 2023;27/11/2023 10h00;Prefeitura do Município de Londrina;Aquisição de Motoniveladora e  Pá Carregadeira;"1.872.500,00"
Pregão;Presencial;Andamento (aguardando homologação);196 / 2023;04/12/2023 13h00;Prefeitura do Município de Londrina;garrafa_squeeze_personalizada;"727.932,48"
Pregão;Eletrônico;Andamento (aguardando homologação);195 / 2023;22/11/2023 13h00;Prefeitura do Município de Londrina;Registro de preço para eventual aquisição de produtos odontológicos;"283.798,00"
Pregão;Eletrônico;Andamento (aguardando homologação);194 / 2023;07/12/2023 13h00;Prefeitura do Município de Londrina;"Aquisição e instalação de capota rígida, para veículo Fiat Toro de cabine dupla.";"4.176,67"
Pregão;Eletrônico;Homologada;193 / 2023;14/11/2023 13h00;Prefeitura do Município de Londrina;Registro de Preço para Eventual Aquisição de Material Escolar para compor os kit;"11.362.690,75"
Pregão;Eletrônico;Andamento (aguardando homologação);192 / 2023;21/12/2023 13h00;Prefeitura do Município de Londrina;Aquisição imediata de scanner de documentos e materiais destinados às experiênci;"60.761,79"
Pregão;Eletrônico;Deserta;191 / 2023;10/11/2023 13h00;Prefeitura do Município de Londrina;colirio_prata;"1.449,12"
Pregão;Presencial;Andamento (aguardando homologação);190 / 2023;13/11/2023 13h00;Prefeitura do Município de Londrina;RP EPI/EPC;"848.332,61"
Pregão;Presencial;Homologada;189 / 2023;09/11/2023 13h00;Prefeitura do Município de Londrina;RP guincho e reboque;"528.388,39"
Pregão;Eletrônico;Andamento (aguardando homologação);188 / 2023;08/11/2023 13h00;Prefeitura do Município de Londrina;Registro de Preços para aquisição de fitas reagentes para determinação de glicos;"1.112.260,00"
Pregão;Eletrônico;Homologada;187 / 2023;08/11/2023 13h00;Prefeitura do Município de Londrina;Aquisição de 01 (um) veículos tipo SEDAN - completo.;"110.931,67"
Pregão;Eletrônico;Homologada;186 / 2023;09/11/2023 13h00;Prefeitura do Município de Londrina;Seguro_veicular;"7.516,10"
Pregão;Eletrônico;Homologada;185 / 2023;08/11/2023 13h00;Prefeitura do Município de Londrina;"Registro de Preços para aquisição de protetor solar, bloqueador solar e repelent";"363.661,08"
Pregão;Eletrônico;Homologada;184 / 2023;31/10/2023 13h00;Prefeitura do Município de Londrina;"Aquisição de 01 Caminhão Caçamba Toco, potência mínima de 250 cv.";"602.114,43"
Pregão;Eletrônico;Homologada;183 / 2023;01/11/2023 13h00;Prefeitura do Município de Londrina;Aquisição de 01 (um) veículos tipo SEDAN - completo.;"110.931,67"
Pregão;Eletrônico;Homologada;182 / 2023;30/10/2023 13h00;Prefeitura do Município de Londrina;Aquisição de mochilas escolares personalizadas;"5.498.735,30"
Pregão;Registro de Preços;Homologada;181 / 2023;30/10/2023 13h00;Prefeitura do Município de Londrina;Registro de Preços para Locação de Banheiro Químico.;"674.388,84"
Pregão;Presencial;Homologada;180 / 2023;27/10/2023 13h00;Prefeitura do Município de Londrina;"Registro de Preços para Eventual Aquisição de Arla, Óleos, Graxas, Fluídos e Cor";"330.029,96"
Pregão;Eletrônico;Homologada;179 / 2023;25/10/2023 13h00;Prefeitura do Município de Londrina;Diagnóstico_Hanseníase;"50.394,00"
Pregão;Eletrônico;Homologada;178 / 2023;25/10/2023 13h00;Prefeitura do Município de Londrina;Registro de Preços para eventual aquisição de medicamentos.;"1.634.982,61"
Pregão;Presencial;Homologada;177 / 2023;13/12/2023 10h00;Prefeitura do Município de Londrina;Aquisição imediata de 1000 impressos da Revista REDE p Sec Municipal de Educação;"13.950,00"
Pregão;Presencial;Homologada;176 / 2023;20/10/2023 13h00;Prefeitura do Município de Londrina;"Execução, locação, manutenção e retirada de cenário natalino no Lago Igapó II";"3.331.032,58"
Pregão;Eletrônico;Homologada;175 / 2023;31/10/2023 13h00;Prefeitura do Município de Londrina;Registro de Preços para eventual aquisição de roupa íntima e fraldas geriátricas;"41.286,50"
Pregão;Eletrônico;Homologada;174 / 2023;27/10/2023 13h00;Prefeitura do Município de Londrina;Registro de Preços para eventual fornecimento de medicamentos.;"1.225.356,07"
Pregão;Registro de Preços;Homologada;173 / 2023;20/10/2023 13h00;Prefeitura do Município de Londrina;Marmitex;"358.118,40"
Pregão;Eletrônico;Homologada;172 / 2023;24/10/2023 13h00;Prefeitura do Município de Londrina;Material Medico Hospitalar;"73.739,18"
Pregão;Eletrônico;Homologada;171 / 2023;24/10/2023 13h00;Prefeitura do Município de Londrina;Aquisição imediata de Prisma Circular Básico e Bastões Telescópicos para Prisma;"9.013,50"
Pregão;Eletrônico;Homologada;170 / 2023;18/10/2023 13h00;Prefeitura do Município de Londrina;Aquisição imediata de materiais para cardiotocógrafo para Sec Municipal de Saúde;"10.189,44"
Pregão;Presencial;Homologada;169 / 2023;17/10/2023 13h00;Prefeitura do Município de Londrina;Aquisição imediata de camisetas.;"3.903,00"
Pregão;Presencial;Homologada;168 / 2023;17/10/2023 10h00;Prefeitura do Município de Londrina;Registro de Preço para eventual locação de Tendas diárias.;"941.557,73"
Pregão;Eletrônico;Andamento (aguardando homologação);167 / 2023;11/10/2023 13h00;Prefeitura do Município de Londrina;Aquisição imediata de fita plástica adesiva personalizada e outros;"48.331,78"
Pregão;Registro de Preços;Homologada;166 / 2023;10/10/2023 13h00;Prefeitura do Município de Londrina;Registro de Preços para a eventual aquisição de Agregado Ecológico Reciclado;"3.547.080,00"
Pregão;Registro de Preços;Homologada;165 / 2023;04/10/2023 10h00;Prefeitura do Município de Londrina;"Extintor, Recarga e Testes de Extintores e correlatos.";"331.856,26"
Pregão;Eletrônico;Andamento (aguardando homologação);164 / 2023;04/10/2023 13h00;Prefeitura do Município de Londrina;Registro de Preços para eventual aquisição de filtro e bocal descartável para es;"4.972,80"
Pregão;Eletrônico;Homologada;163 / 2023;05/10/2023 13h00;Prefeitura do Município de Londrina;Registro de preços para eventual aquisição de insumos de laboratório;"1.860.425,00"
Pregão;Presencial;Homologada;162 / 2023;09/10/2023 13h00;Prefeitura do Município de Londrina;"Aquisição de máquinas, equipamentos e camas hospitalares.";"884.924,51"
Pregão;Eletrônico;Fracassada;161 / 2023;29/09/2023 13h00;Prefeitura do Município de Londrina;"Locação de Equipamentos com manutenção preventiva e corretiva, incluindo assesso";"87.574,14"
Pregão;Eletrônico;Revogada;160 / 2023;27/10/2023 13h00;Prefeitura do Município de Londrina;Registro de Preços para fornecimento de reagentes NS1 e sorologia de dengue;"14.800,00"
Pregão;Registro de Preços;Homologada;159 / 2023;28/09/2023 13h00;Prefeitura do Município de Londrina;Registro de Preços para a eventual aquisição de informativos para Sec. de Saúde.;"27.700,00"
Pregão;Presencial;Andamento (aguardando homologação);158 / 2023;05/10/2023 09h00;Prefeitura do Município de Londrina;Aquisição de pneus e correlatos.;"2.906.679,52"
Pregão;Eletrônico;Revogada;157 / 2023;11/10/2023 10h00;Prefeitura do Município de Londrina;Contratação de empresa especializada para a prestação de serviços de limpeza;"38.900,29"
Pregão;Eletrônico;Homologada;156 / 2023;23/10/2023 13h00;Prefeitura do Município de Londrina;Material de ostomia;"2.918.548,12"
Pregão;Eletrônico;Homologada;155 / 2023;27/09/2023 13h00;Prefeitura do Município de Londrina;Registro de Preços para eventual fornecimento de medicamentos constantes na REMU;"1.190.396,43"
Pregão;Registro de Preços;Fracassada;154 / 2023;28/09/2023 13h00;Prefeitura do Município de Londrina;Registro de Preços para eventual aquisição de ração para o Canil da Guarda;"49.507,50"
Pregão;Registro de Preços;Andamento (aguardando homologação);153 / 2023;18/10/2023 13h00;Prefeitura do Município de Londrina;Limpeza e manutenção do Sistema de Esgotamento Interno;"1.990.643,74"
Pregão;Registro de Preços;Homologada;152 / 2023;26/09/2023 13h00;Prefeitura do Município de Londrina;Registro de Preços para aquisição de Materiais Hospitalares para SMS de Londrina;"569.491,05"
Pregão;Presencial;Homologada;151 / 2023;22/09/2023 13h00;Prefeitura do Município de Londrina;"Hospedagem, incluído café da manhã";"80.809,74"
Pregão;Eletrônico;Homologada;150 / 2023;21/09/2023 13h00;Prefeitura do Município de Londrina;"Aq. de gabinete para armazenamento, transporte e recarga de Tablets e Notebooks.";"1.006.821,42"
Pregão;Registro de Preços;Homologada;149 / 2023;20/09/2023 13h00;Prefeitura do Município de Londrina;Gás Liquefeito de Petróleo;"989.508,34"
Pregão;Presencial;Homologada;148 / 2023;05/10/2023 13h00;Prefeitura do Município de Londrina;Registro de Preços de coffee break;"1.247.331,66"
Pregão;Eletrônico;Homologada;147 / 2023;09/10/2023 13h00;Prefeitura do Município de Londrina;"Contratação de serviços terceirizados de Inspetoria Escolar, com dedicação exclu";"12.201.649,68"
Pregão;Eletrônico;Homologada;146 / 2023;14/09/2023 13h00;Prefeitura do Município de Londrina;Aquisição ODANSETRONA;"91.155,00"
Pregão;Eletrônico;Homologada;145 / 2023;18/09/2023 13h00;Prefeitura do Município de Londrina;Serviços de Laboratório para Confecção de Prótese Dentária - CEO;"246.230,02"
Pregão;Registro de Preços;Homologada;144 / 2023;18/09/2023 13h00;Prefeitura do Município de Londrina;Registro de Preços Serviço de Tapeçaria para Recuperação de Poltronas hospitares;"140.160,00"
Pregão;Eletrônico;Homologada;143 / 2023;26/10/2023 13h00;Prefeitura do Município de Londrina;Registro de Preços de medicamentos constantes na REMUME ( Relação Municipal de M;"4.888.064,74"
Pregão;Presencial;Andamento (aguardando homologação);142 / 2023;27/09/2023 09h00;Prefeitura do Município de Londrina;Contratação de empresa especializada para a confecção de Uniformes Escolares;"13.359.450,39"
Pregão;Registro de Preços;Homologada;141 / 2023;11/09/2023 13h00;Prefeitura do Município de Londrina;RP para locação de veículo dotado de Guindauto;"899.025,75"
Pregão;Registro de Preços;Homologada;140 / 2023;04/09/2023 13h00;Prefeitura do Município de Londrina;Registro de Preços para aquisição de material de limpeza e higiene pessoal;"341.411,31"
Pregão;Presencial;Revogada;139 / 2023;26/10/2023 13h00;Prefeitura do Município de Londrina;Registro de preço para prestação dos serviços de transporte intermunicipal.;"411.411,50"
Pregão;Eletrônico;Homologada;138 / 2023;30/08/2023 13h00;Prefeitura do Município de Londrina;RP materiais funerários para preparação de corpos.;"371.450,18"
Pregão;Eletrônico;Homologada;137 / 2023;29/08/2023 13h00;Prefeitura do Município de Londrina;RP para a eventual aquisição de Gêneros Alimentícios - CARNES E EMBUTIDOS;"11.007.844,22"
Pregão;Presencial;Homologada;136 / 2023;01/09/2023 09h00;Prefeitura do Município de Londrina;Aquisição tintas e correlatos;"1.756.551,21"
Pregão;Presencial;Homologada;135 / 2023;12/09/2023 13h00;Prefeitura do Município de Londrina;Aquisição de carimbos e suprimentos para carimbos.;"27.234,35"
Pregão;Eletrônico;Homologada;134 / 2023;18/09/2023 13h00;Prefeitura do Município de Londrina;"RP fornecimento, transporte e aplicação de capa asfáltica, pintura emulsão asfál";"51.061.152,64"
Pregão;Presencial;Homologada;133 / 2023;02/10/2023 13h00;Prefeitura do Município de Londrina;Limpeza do sistema de drenagem pluvial;"6.289.615,73"
Pregão;Registro de Preços;Homologada;132 / 2023;28/08/2023 13h00;Prefeitura do Município de Londrina;Registro de preços para eventual fornecimento de fórmula infantil  para  a  AMS.;"25.920,00"
Pregão;Eletrônico;Homologada;131 / 2023;17/08/2023 13h00;Prefeitura do Município de Londrina;"Registro de Preços para a eventual aquisição de Gêneros Alimentícios, com logíst";"7.552.758,53"
Pregão;Eletrônico;Homologada;130 / 2023;14/08/2023 13h00;Prefeitura do Município de Londrina;Aquisição de coturnos para a Guarda Municipal.;"238.212,00"
Pregão;Eletrônico;Fracassada;129 / 2023;10/08/2023 13h00;Prefeitura do Município de Londrina;Aquisição imediata de bandagem para imobilização de pacientes;"19.096,00"
Pregão;Presencial;Homologada;128 / 2023;18/09/2023 13h00;Prefeitura do Município de Londrina;Grama esmeralda;"225.335,22"
Pregão;Eletrônico;Homologada;127 / 2023;03/08/2023 13h00;Prefeitura do Município de Londrina;Registro de preços para aquisição de Concreto Asfáltico Usinado;"114.720,00"
Pregão;Eletrônico;Homologada;126 / 2023;02/08/2023 13h00;Prefeitura do Município de Londrina;RP para aquisição de equipos de bomba de infusão com comodato de bombas;"138.847,80"
Pregão;Eletrônico;Homologada;125 / 2023;11/08/2023 13h00;Prefeitura do Município de Londrina;Registro de preços para eventual aquisição de óleo diesel;"4.312.500,00"
Pregão;Presencial;Homologada;124 / 2023;01/08/2023 13h00;Prefeitura do Município de Londrina;Registro de Preço para eventual aquisição de de Copos descartáveis.;"547.671,52"
Pregão;Registro de Preços;Homologada;123 / 2023;01/08/2023 13h00;Prefeitura do Município de Londrina;Registro de preços de Insumos para Laboratório;"157.156,78"
Pregão;Eletrônico;Homologada;122 / 2023;26/07/2023 13h00;Prefeitura do Município de Londrina;RP fornecimento de emulsao asfaltica do tipo RR1C;"503.238,15"
Pregão;Registro de Preços;Homologada;121 / 2023;17/10/2023 13h00;Prefeitura do Município de Londrina;Registro de Preços para aquisição de medicamentos ;"3.303.121,68"
Pregão;Eletrônico;Homologada;120 / 2023;25/07/2023 13h00;Prefeitura do Município de Londrina;Registro de preços para aquisição de ASFALTO TIPO CAP-50/70;"22.482.200,00"
Pregão;Eletrônico;Homologada;119 / 2023;20/07/2023 13h00;Prefeitura do Município de Londrina;Aquisição de cubos de papelão personalizados.;"3.660,00"
Pregão;Eletrônico;Homologada;118 / 2023;20/07/2023 13h00;Prefeitura do Município de Londrina;Aquisição Imediata de Rádio Comunicador (Walkie Talkie);"136.872,00"
Pregão;Registro de Preços;Homologada;117 / 2023;10/10/2023 13h00;Prefeitura do Município de Londrina;RP medicamentos para atendimento a mandados judiciais;"198.068,41"
Pregão;Eletrônico;Homologada;116 / 2023;08/11/2023 13h00;Prefeitura do Município de Londrina;Registro de Preços para aquisição de medicamentos ;"5.480.206,74"
Pregão;Presencial;Andamento (aguardando homologação);115 / 2023;16/08/2023 13h00;Prefeitura do Município de Londrina;RP Uniformes Profissionais Eventos SME;"182.593,74"
Pregão;Eletrônico;Homologada;114 / 2023;13/07/2023 13h00;Prefeitura do Município de Londrina;Aquisição Imediata de Eletrodomésticos;"1.220.718,36"
Pregão;Registro de Preços;Homologada;113 / 2023;04/07/2023 13h00;Prefeitura do Município de Londrina;RP para eventual aquisição de dietas nutricionais e fórmulas infantis;"761.378,65"
Pregão;Eletrônico;Homologada;112 / 2023;04/07/2023 13h00;Prefeitura do Município de Londrina;Aquisição de protetor plumbífero de tireóide (adulto e infantil) e avental plumb;"11.000,49"
Pregão;Presencial;Homologada;111 / 2023;03/07/2023 13h00;Prefeitura do Município de Londrina;Aquisição de Kimono Infantil de Judô;"40.907,25"
Pregão;Presencial;Homologada;110 / 2023;03/07/2023 13h00;Prefeitura do Município de Londrina;Aquisição de impressos para Trilha da Cidadania.;"93.530,00"
Pregão;Presencial;Homologada;109 / 2023;29/06/2023 13h00;Prefeitura do Município de Londrina;Aquisição imediata de Placas de Identificação para Lóculos Verticais.;"10.890,00"
Pregão;Presencial;Homologada;108 / 2023;28/06/2023 13h00;Prefeitura do Município de Londrina;"Fornecimento de flores naturais, coroas de flores naturais e ornamentação planta";"1.278.070,00"
Pregão;Presencial;Andamento (aguardando homologação);107 / 2023;28/06/2023 13h00;Prefeitura do Município de Londrina;Locação de ônibus para o transporte de atletas para a disputa dos JAP'S;"26.280,00"
Pregão;Eletrônico;Homologada;106 / 2023;03/07/2023 13h00;Prefeitura do Município de Londrina;Aquisição de alvos e adesivos SMDS;"18.482,00"
Pregão;Presencial;Homologada;105 / 2023;23/06/2023 13h00;Prefeitura do Município de Londrina;Aquisição de carga de extintores para a SME;"12.680,70"
Pregão;Eletrônico;Fracassada;104 / 2023;29/06/2023 13h00;Prefeitura do Município de Londrina;Aquisição de fraldas descartáveis.;"13.855,80"
Pregão;Eletrônico;Homologada;103 / 2023;18/08/2023 13h00;Prefeitura do Município de Londrina;Contratação de Empresa Especializada para Prestação de Serviço de Seguro Veicula;"107.228,48"
Pregão;Registro de Preços;Homologada;102 / 2023;22/06/2023 10h00;Prefeitura do Município de Londrina;RP IMPRESSOS para AMS;"178.213,72"
Pregão;Eletrônico;Homologada;101 / 2023;23/06/2023 13h00;Prefeitura do Município de Londrina;Registro de Preço para eventual aquisição de urnas funerárias;"5.263.228,81"
Pregão;Presencial;Homologada;100 / 2023;17/08/2023 10h00;Prefeitura do Município de Londrina;Aquisição imediata de uniformes;"54.833,05"
Pregão;Eletrônico;Homologada;99 / 2023;19/06/2023 10h00;Prefeitura do Município de Londrina;Registro de Preços para eventual aquisição de material médico hospitalar.;"944.604,91"
Pregão;Registro de Preços;Homologada;98 / 2023;14/06/2023 13h00;Prefeitura do Município de Londrina;RP de locação de estrutura e equipamentos para Eventos;"303.220,00"
Pregão;Eletrônico;Homologada;97 / 2023;12/06/2023 13h00;Prefeitura do Município de Londrina;Aquisição de solução de cloreto de sódio;"629.860,00"
Pregão;Eletrônico;Homologada;96 / 2023;14/06/2023 13h00;Prefeitura do Município de Londrina;Registro de Preços para a eventual aquisição de Materiais de OSTOMIA;"162.254,00"
Pregão;Eletrônico;Homologada;95 / 2023;05/06/2023 13h00;Prefeitura do Município de Londrina;Aquisição de Uniformes para a Guarda Municipal de Londrina.;"711.341,10"
Pregão;Eletrônico;Homologada;94 / 2023;31/05/2023 10h00;Prefeitura do Município de Londrina;Aquisição de Tendas  Infláveis;"7.366,00"
Pregão;Eletrônico;Homologada;93 / 2023;30/05/2023 10h00;Prefeitura do Município de Londrina;Registro de preços para eventual aquisição de material de expediente e outros;"5.179.103,76"
Pregão;Eletrônico;Homologada;92 / 2023;31/05/2023 13h00;Prefeitura do Município de Londrina;Aquisição de equipamentos médico hospitalares (Seladora a pedal);"42.527,98"
Pregão;Eletrônico;Homologada;91 / 2023;30/05/2023 13h00;Prefeitura do Município de Londrina;Contratação de Sistema e Consultoria para Gestão de Recursos do RPPS;"17.120,04"
Pregão;Eletrônico;Homologada;90 / 2023;20/06/2023 13h00;Prefeitura do Município de Londrina;Registro de Preços para aquisição de material de limpeza e higiene pessoal;"5.617.303,21"
Pregão;Eletrônico;Revogada;89 / 2023;17/05/2023 10h00;Prefeitura do Município de Londrina;Prestação de Serviço de Zeladoria Escolar;"14.682.822,00"
Pregão;Registro de Preços;Homologada;88 / 2023;27/06/2023 10h00;Prefeitura do Município de Londrina;RP Locação de Equipamentos para Sonorização;"5.984.598,54"
Pregão;Eletrônico;Homologada;87 / 2023;09/05/2023 13h00;Prefeitura do Município de Londrina;Contratação do serviço de Seguro Veicular para a Secretaria Municipal de Educaçã;"102.793,90"
Pregão;Registro de Preços;Homologada;86 / 2023;05/05/2023 13h00;Prefeitura do Município de Londrina;RP gêneros alimentícios;"14.873.343,23"
Pregão;Presencial;Homologada;85 / 2023;09/05/2023 13h00;Prefeitura do Município de Londrina;"Aquisição de Tecidos, Aviamentos e Artesanatos";"2.961.561,22"
Pregão;Presencial;Homologada;84 / 2023;26/04/2023 10h00;Prefeitura do Município de Londrina;Registro de Preços para eventual aquisição de lanches.;"1.654.449,80"
Pregão;Eletrônico;Andamento (aguardando homologação);83 / 2023;14/04/2023 08h30;Prefeitura do Município de Londrina;Serviços estudo estruturação e projetos para concessão limpez publica de Londrin;"683.500,00"
Pregão;Presencial;Andamento (aguardando homologação);82 / 2023;15/06/2023 13h00;Prefeitura do Município de Londrina;"Manutenção preventiva e corretiva, com fornecimento de peças para o Sistema de A";"103.867,36"
Pregão;Registro de Preços;Homologada;81 / 2023;19/04/2023 13h00;Prefeitura do Município de Londrina;RP contratação de serviços de Instalação e/ou Retirada Ar Condicionado;"358.328,72"
Pregão;Registro de Preços;Homologada;80 / 2023;24/04/2023 13h00;Prefeitura do Município de Londrina;"Registro de Preços para eventual aquisição de Pilhas, Baterias e correlatos.";"209.522,54"
Pregão;Presencial;Homologada;79 / 2023;14/04/2023 13h00;Prefeitura do Município de Londrina;Aquisição de banners e wind banners para Secretaria Municipal de Educação - SME.;"18.501,00"
Pregão;Eletrônico;Andamento (aguardando homologação);78 / 2023;13/04/2023 13h00;Prefeitura do Município de Londrina;Locação de solução de Ponto Eletrônico composta por registrador eletrônico;"913.360,00"
Pregão;Registro de Preços;Homologada;77 / 2023;25/04/2023 13h00;Prefeitura do Município de Londrina;RP prestação de serviços de DESTOCA;"1.805.802,00"
Pregão;Registro de Preços;Homologada;76 / 2023;11/04/2023 13h00;Prefeitura do Município de Londrina;RP de produtos para lavanderia hospitalar com fornecimento de equipamentos em ca;"181.888,56"
Pregão;Registro de Preços;Homologada;75 / 2023;31/08/2023 13h00;Prefeitura do Município de Londrina;Serviço Móvel Atendimento Médico - Ambulância UTI e Ambulatório;"300.147,39"
Pregão;Presencial;Homologada;74 / 2023;17/04/2023 13h00;Prefeitura do Município de Londrina;Manutenção equipamentos odontológicos;"516.894,30"
Pregão;Presencial;Homologada;73 / 2023;04/04/2023 13h00;Prefeitura do Município de Londrina;Aquisição de uniformes para o setor operacional da Secretaria Mun.  do Ambiente.;"21.629,20"
Pregão;Eletrônico;Homologada;72 / 2023;06/04/2023 13h00;Prefeitura do Município de Londrina;Aquisição de eletrodomésticos e eletroeletrônicos;"632.449,60"
Pregão;Registro de Preços;Homologada;71 / 2023;05/04/2023 13h00;Prefeitura do Município de Londrina;Registro de Preços para aquisição Materiais Laboratoriais;"440.200,00"
Pregão;Registro de Preços;Homologada;70 / 2023;05/04/2023 13h00;Prefeitura do Município de Londrina;Registro de preço para aquisição de medicamentos manipulados;"18.180,90"
Pregão;Eletrônico;Homologada;69 / 2023;03/04/2023 10h00;Prefeitura do Município de Londrina;Aquisição  de  móveis para  atender a necessidade do Município de Londrina - PR.;"5.246.481,31"
Pregão;Eletrônico;Homologada;68 / 2023;30/03/2023 09h00;Prefeitura do Município de Londrina;Serviços de roçagem em imóveis particulares nas áreas ubanizadas de Londrina;"782.724,00"
Pregão;Registro de Preços;Homologada;67 / 2023;04/04/2023 10h00;Prefeitura do Município de Londrina;Registro de Preços de medicamentos - AMS;"3.013.556,23"
Pregão;Eletrônico;Homologada;66 / 2023;30/03/2023 09h00;Prefeitura do Município de Londrina;Registro de preços de confeção e substituição de calhas galvanizadas.;"33.277,41"
Pregão;Eletrônico;Homologada;65 / 2023;12/04/2023 13h00;Prefeitura do Município de Londrina;Aquisição de veículos 0 (zero) KM;"12.935.271,31"
Pregão;Eletrônico;Homologada;64 / 2023;31/03/2023 09h00;Prefeitura do Município de Londrina;Registro de Preços para eventual aquisição de material Limpeza .;"251.506,35"
Pregão;Presencial;Homologada;63 / 2023;28/04/2023 13h00;Prefeitura do Município de Londrina;Aquisição de óleos e graxas para atender a demanda do Município de Londrina - PR;"314.353,48"
Pregão;Eletrônico;Homologada;62 / 2023;31/03/2023 13h00;Prefeitura do Município de Londrina;Contratação treinamento Maker;"101.745,00"
Pregão;Eletrônico;Deserta;61 / 2023;28/03/2023 14h00;Prefeitura do Município de Londrina;Registro de preço para eventual aquisição de peças e acessórios para Bebedouros.;"7.421,34"
Pregão;Eletrônico;Deserta;60 / 2023;28/03/2023 14h00;Prefeitura do Município de Londrina;Registro de preço de materiais para sinalização visual da CMTU-LD.;"18.993,20"
Pregão;Eletrônico;Homologada;59 / 2023;17/04/2023 13h00;Prefeitura do Município de Londrina;Locação sistema senha;"120.569,76"
Pregão;Registro de Preços;Revogada;58 / 2023;31/03/2023 10h00;Prefeitura do Município de Londrina;RP mobiliário da SME;"4.776.749,41"
Pregão;Presencial;Homologada;57 / 2023;30/03/2023 13h00;Prefeitura do Município de Londrina;Registro de Preços para eventual prestação de serviços de Plotagem.;"71.710,90"
Pregão;Eletrônico;Fracassada;56 / 2023;06/04/2023 13h00;Prefeitura do Município de Londrina;Aquisição de Certificado Digital SSL/TLS - Tipo A-1 - Padrão ICP Brasil;"137,50"
Pregão;Eletrônico;Homologada;55 / 2023;27/03/2023 09h00;Prefeitura do Município de Londrina;Agenciamento de viagens aereas e rodoviárias para uso da Dir. Trânsito CMTU-LD;"50.000,98"
Pregão;Eletrônico;Homologada;54 / 2023;29/03/2023 13h00;Prefeitura do Município de Londrina;"Aquisição de módulos de \"parede escalada em estilo boulder\", e sua respectiva in";"455.167,20"
Pregão;Registro de Preços;Revogada;53 / 2023;28/03/2023 13h00;Prefeitura do Município de Londrina;Contratação de empresa para a prestação de serviços de capina e roçagem;"1.931.030,98"
Pregão;Eletrônico;Fracassada;52 / 2023;28/03/2023 13h00;Prefeitura do Município de Londrina;Aquisição de aparelhos de ares condicionados com instalação.;"50.606,74"
Pregão;Eletrônico;Homologada;51 / 2023;28/03/2023 13h00;Prefeitura do Município de Londrina;Aquisição de fantasia de Zé Gotinha e Maria Gotinha.;"5.724,31"
Pregão;Eletrônico;Deserta;50 / 2023;22/03/2023 09h00;Prefeitura do Município de Londrina;"Prestação de serviços de lavagem de veículos, motos e utilitários da CMTU-LD.";"20.199,41"
Pregão;Eletrônico;Homologada;49 / 2023;27/03/2023 13h00;Prefeitura do Município de Londrina;Contratação  de  empresa para prestação de serviços de telecomunicações;"6.929.876,88"
Pregão;Registro de Preços;Homologada;48 / 2023;22/03/2023 13h00;Prefeitura do Município de Londrina;Registro de preços para aquisição de crachás;"25.357,89"
Pregão;Eletrônico;Deserta;47 / 2023;16/03/2023 14h00;Prefeitura do Município de Londrina;Serviços manuntenção preventiva e corretiva de motocicletas.;"38.800,00"
Pregão;Presencial;Homologada;46 / 2023;20/03/2023 13h00;Prefeitura do Município de Londrina;Registro de Preços para eventual aquisição de Parques Infantis e correlatos;"851.429,32"
Pregão;Eletrônico;Homologada;45 / 2023;17/03/2023 13h00;Prefeitura do Município de Londrina;Aquisição de ferramentas de fiscalização.;"168.350,63"
Pregão;Eletrônico;Homologada;44 / 2023;17/03/2023 13h00;Prefeitura do Município de Londrina;Manutenção corretiva e adequação de instalações no Sistema de Alarme;"349.894,47"
Pregão;Eletrônico;Homologada;43 / 2023;22/03/2023 13h00;Prefeitura do Município de Londrina;Aquisição de gêneros alimentícios - dietas especiais;"73.690,44"
Pregão;Eletrônico;Homologada;42 / 2023;17/03/2023 13h00;Prefeitura do Município de Londrina;Registro de preços para aquisição de medicamentos;"300.996,12"
Pregão;Eletrônico;Homologada;41 / 2023;28/04/2023 13h00;Prefeitura do Município de Londrina;Aquisição de equipamentos e móveis hospitalares.;"688.625,30"
Pregão;Eletrônico;Homologada;40 / 2023;13/03/2023 14h00;Prefeitura do Município de Londrina;Registro de Preços para eventual aquisição de material elétrico.;"186.074,77"
Pregão;Registro de Preços;Homologada;39 / 2023;13/03/2023 13h00;Prefeitura do Município de Londrina;Carimbos e Suprimentos SME;"46.472,40"
Pregão;Eletrônico;Homologada;38 / 2023;13/03/2023 13h00;Prefeitura do Município de Londrina;Aquisição manequins RCP;"151.109,28"
Pregão;Presencial;Homologada;37 / 2023;18/04/2023 13h00;Prefeitura do Município de Londrina;Aquisição imediata de madeira e materiais de construção;"948.069,50"
Pregão;Registro de Preços;Homologada;36 / 2023;13/04/2023 10h00;Prefeitura do Município de Londrina;RP Materiais Hospitalares para SMS;"1.274.375,98"
Pregão;Eletrônico;Deserta;35 / 2023;06/03/2023 13h00;Prefeitura do Município de Londrina;Serviços de fornecimento de cartão vale-refeição Conferência Municipal de Saúde.;"24.500,01"
Pregão;Eletrônico;Homologada;34 / 2023;27/02/2023 13h00;Prefeitura do Município de Londrina;Aquisição de Equipamentos Eletrônicos.;"49.643,18"
Pregão;Eletrônico;Revogada;33 / 2023;23/03/2023 13h00;Prefeitura do Município de Londrina;Contratação de empresa especializada para prestação de serviço de controle exter;"14.919,12"
Pregão;Registro de Preços;Homologada;32 / 2023;24/02/2023 13h00;Prefeitura do Município de Londrina;Registro de preços de desinfetante hospitalar com fornecimento de equipamentos (;"24.606,00"
Pregão;Registro de Preços;Homologada;31 / 2023;21/03/2023 10h00;Prefeitura do Município de Londrina;Registro de Preços para a eventual aquisição de papel higiênico.;"1.050.647,13"
Pregão;Registro de Preços;Homologada;30 / 2023;24/02/2023 13h00;Prefeitura do Município de Londrina;"Registro de preços para eventual aquisição de Leite em pó, com logística de entr";"2.577.771,80"
Pregão;Registro de Preços;Homologada;29 / 2023;16/02/2023 13h00;Prefeitura do Município de Londrina;Registro de Preços para a eventual aquisição de Gêneros Alimentícios - CARNE DE;"2.956.518,00"
Pregão;Registro de Preços;Homologada;28 / 2023;15/02/2023 13h00;Prefeitura do Município de Londrina;Registro de Preços para eventual aquisição de Dietas (NOVAMIL RICE) para atendim;"42.922,99"
Pregão;Presencial;Deserta;27 / 2023;14/03/2023 13h00;Prefeitura do Município de Londrina;Aquisição imediata de Carroceria F-4000 Carga Seca com instalação;"17.666,67"
Pregão;Eletrônico;Homologada;26 / 2023;23/03/2023 13h00;Prefeitura do Município de Londrina;Contratação de empresa especializada para a locação e instalação de equipamento;"368.307,52"
Pregão;Eletrônico;Homologada;25 / 2023;14/02/2023 13h00;Prefeitura do Município de Londrina;Aquisição de Chassis de Radiologia Computadorizada (CR) para utilização pela Sec;"63.160,51"
Pregão;Presencial;Homologada;24 / 2023;13/02/2023;Prefeitura do Município de Londrina;Registro de Preços para eventual locação diária de banheiro químico;"457.600,00"
Pregão;Eletrônico;Fracassada;23 / 2023;13/02/2023 09h00;Prefeitura do Município de Londrina;Aquisição de medidor de vazão de água certificado pelo INMETRO para CTR.;"1.337,50"
Pregão;Eletrônico;Deserta;22 / 2023;10/02/2023 09h00;Prefeitura do Município de Londrina;Aquisição de bobina termica para impressão de tickets na CTR.;"748,80"
Pregão;Eletrônico;Homologada;21 / 2023;08/02/2023 14h00;Prefeitura do Município de Londrina;Registro de preço de alcool gel líquido para as diversas diretorias da CMTU-LD.;"89.619,00"
Pregão;Eletrônico;Homologada;20 / 2023;10/02/2023 13h00;Prefeitura do Município de Londrina;Aquisição com instalação de peças de balança rodoviária para aferir pesos proven;"60.103,74"
Pregão;Presencial;Homologada;19 / 2023;21/03/2023 10h00;Prefeitura do Município de Londrina;Prestação Serviço Manutenção Corretiva e Desinstalação de Aparelhos de ar condic;"419.227,85"
Pregão;Registro de Preços;Homologada;18 / 2023;10/02/2023 10h00;Prefeitura do Município de Londrina;Registro de Preços de medicamentos para utilização nas unidades da Secretaria Mu;"2.453.010,06"
Pregão;Eletrônico;Homologada;17 / 2023;09/02/2023 13h00;Prefeitura do Município de Londrina;"Registro de preços para eventual aquisição de material descartável, caixas térmi";"1.493.134,47"
Pregão;Eletrônico;Revogada;16 / 2023;06/02/2023 13h00;Prefeitura do Município de Londrina;Contratação Prestação de Serviços de Transporte Escolar Rural e Urbano;"2.268.837,49"
Pregão;Eletrônico;Andamento (aguardando homologação);15 / 2023;06/03/2023 09h00;Prefeitura do Município de Londrina;Serviço de atualização semafórica no Município de Londrina.;"19.662.579,74"
Pregão;Registro de Preços;Homologada;14 / 2023;02/02/2023 13h00;Prefeitura do Município de Londrina;Registro de preços para aquisição de fraldas descartáveis para atendimento às de;"560.655,34"
Pregão;Registro de Preços;Homologada;13 / 2023;01/02/2023 13h00;Prefeitura do Município de Londrina;Registro de Preços para eventual aquisição de Tubos de Concreto de Ponta e Bolsa;"262.575,90"
Pregão;Eletrônico;Homologada;12 / 2023;30/01/2023 13h00;Prefeitura do Município de Londrina;Aquisição de materiais laboratoriais para o estudo de Ciências e de materiais de;"199.678,47"
Pregão;Eletrônico;Homologada;11 / 2023;31/01/2023 13h00;Prefeitura do Município de Londrina;Aquisição de pneus e correlatos.;"14.371,80"
Pregão;Eletrônico;Homologada;10 / 2023;15/02/2023 13h00;Prefeitura do Município de Londrina;Aquisição de Cadeira de Rodas.;"13.996,77"
Pregão;Presencial;Homologada;9 / 2023;10/03/2023 13h00;Prefeitura do Município de Londrina;Prestação de serviço de manutenção corretiva com fornecimento de peças para equi;"1.696.416,39"
Pregão;Registro de Preços;Homologada;8 / 2023;25/01/2023 13h00;Prefeitura do Município de Londrina;Registro de Preços para aquisição de Materiais Hospitalares.;"71.423,80"
Pregão;Eletrônico;Homologada;7 / 2023;30/01/2023 13h00;Prefeitura do Município de Londrina;Aquisição de púlpito em acrílico;"2.177,00"
Pregão;Registro de Preços;Homologada;6 / 2023;27/01/2023 10h00;Prefeitura do Município de Londrina;Registro de Preço para eventual aquisição de materiais de construção e materiais;"8.714.974,83"
Pregão;Registro de Preços;Homologada;5 / 2023;16/02/2023 13h00;Prefeitura do Município de Londrina;Registro de Preços para a eventual prestação de serviço de locação de caçamba co;"598.752,61"
Pregão;Eletrônico;Homologada;4 / 2023;24/01/2023 13h00;Prefeitura do Município de Londrina;Contratação de pessoa jurídica (Agente Integrador) estágio;;"4.702.454,87"
Pregão;Registro de Preços;Homologada;3 / 2023;19/04/2023 13h00;Prefeitura do Município de Londrina;"RP p fornecimento, transporte e aplicação de CBUQ e microrrevestimento asfáltico";"32.823.017,50"
Pregão;Presencial;Homologada;2 / 2023;30/01/2023 10h00;Prefeitura do Município de Londrina;Aquisição de Material de Expediente;"1.073.954,79"
Pregão;Eletrônico;Homologada;1 / 2023;27/01/2023 10h00;Prefeitura do Município de Londrina;"Aquisição de tênis, meias e bonés para o curso de formação de novos agentes da G";"57.207,00"
Processo dispensa;Normal;Homologada;74 / 2023;28/12/2023 17h00;Prefeitura do Município de Londrina;Revisão da viatura Renault Duster 1.6 ZEN;"5.027,96"
Processo dispensa;Normal;Homologada;73 / 2023;28/12/2023 14h00;Prefeitura do Município de Londrina;Dispensa de Licitação para Contratação de serviços de capacitação em Programação;"200.000,00"
Processo dispensa;Processo de Dispensa;Homologada;72 / 2023;27/12/2023 13h00;Prefeitura do Município de Londrina;Prestação de serviços técnicos para realização da revisão da viatura Onix 1.0T M;"452,00"
Processo dispensa;Processo de Dispensa;Homologada;71 / 2023;27/12/2023 15h08;Prefeitura do Município de Londrina;Aquisição imediato de ração para o CANIL da Guarda Municipal de Londrina.;"6.323,20"
Processo dispensa;Processo de Dispensa;Homologada;70 / 2023;15/12/2023 15h46;Prefeitura do Município de Londrina;Prestação de serviços técnicos especializados para realização da revisão da viat;"3.298,00"
Processo dispensa;Processo de Dispensa;Homologada;69 / 2023;13/12/2023 17h28;Prefeitura do Município de Londrina;"Aquisição de testes rápidos de antígeno para Covid-19, por meio de Dispensa de L";"174.500,00"
Processo dispensa;Normal;Andamento (aguardando homologação);68 / 2023;12/12/2023 15h53;Prefeitura do Município de Londrina;Prestação de serviços emergencial para transporte dos atletas e comissão técnica;"70.125,00"
Processo dispensa;Processo de Dispensa;Homologada;67 / 2023;12/12/2023 00h00;Prefeitura do Município de Londrina;Cursos_qualificacao_profissional;"347.245,00"
Processo dispensa;Normal;Homologada;66 / 2023;11/12/2023 13h00;Prefeitura do Município de Londrina;LIMPEZA_HIGIENIZACAO_JOJUPS_FASE_1;"40.480,00"
Processo dispensa;Processo de Dispensa;Homologada;65 / 2023;07/12/2023 14h32;Prefeitura do Município de Londrina;Contratação de empresa para elaborar o PRAD - Plano de Recuperação de Áreas Degr;"4.700,00"
Processo dispensa;Processo de Dispensa;Homologada;64 / 2023;30/11/2023 14h05;Prefeitura do Município de Londrina;Laudo Avaliação Estrutural e Projeto Recuperação Ponte Ribeirão Três Bocas;"39.000,00"
Processo dispensa;Processo de Dispensa;Homologada;63 / 2023;27/11/2023 13h13;Prefeitura do Município de Londrina;Serviço Transporte Escolar Rural e Urbano - LOTE ESPÍRITO SANTO E REGINA;"898.949,12"
Processo dispensa;Processo de Dispensa;Homologada;62 / 2023;27/11/2023 12h22;Prefeitura do Município de Londrina;Serviço Emergencial Transporte Escolar Rural e Urbano - LOTE GUAIRACÁ;"633.455,51"
Processo dispensa;Processo de Dispensa;Homologada;61 / 2023;14/12/2023 15h51;Prefeitura do Município de Londrina;Locação de Tenda nos tamanhos 5M X 5M e 10M X 10 M JOJUP's 2023;"43.446,58"
Processo dispensa;Normal;Homologada;60 / 2023;16/11/2023 12h00;Prefeitura do Município de Londrina;Prestação de serviços assistenciais em saúde aos usuários do Sistema Único de S;"138.567.404,40"
Processo dispensa;Processo de Dispensa;Homologada;59 / 2023;07/11/2023 13h00;Prefeitura do Município de Londrina;Revisão Jeep Compass;"17.789,80"
Processo dispensa;Normal;Homologada;58 / 2023;06/11/2023 16h00;Prefeitura do Município de Londrina;Prestação de serviço Emergencial de Transporte Escolar rural e urbano para o mun;"2.503.081,34"
Processo dispensa;Normal;Homologada;57 / 2023;24/10/2023 17h00;Prefeitura do Município de Londrina;Aquisição de produtos odontológicos constantes na lista de itens padronizados;"1.275,00"
Processo dispensa;Normal;Homologada;56 / 2023;20/10/2023 17h34;Prefeitura do Município de Londrina;Prestação de serviços continuados de Tecnologia da Informação e Comunicação CIGA;"63.695,20"
Processo dispensa;Normal;Homologada;55 / 2023;17/10/2023 14h30;Prefeitura do Município de Londrina;Prestação de serviço Emergencial de Transporte Escolar rural e urbano para o mun;"1.725.518,28"
Processo dispensa;Normal;Homologada;54 / 2023;11/10/2023 14h34;Prefeitura do Município de Londrina;Fornecimento de medicamentos constantes na lista de itens padronizados (Lista de;"61.735,98"
Processo dispensa;Normal;Homologada;53 / 2023;10/10/2023 17h27;Prefeitura do Município de Londrina;"Aquisição de cursos de qualificação profissional, pelo SENAI.";"277.939,00"
Processo dispensa;Normal;Homologada;52 / 2023;03/10/2023 15h21;Prefeitura do Município de Londrina;Aquisição emergencial de levodopa;"19.789,00"
Processo dispensa;Processo de Dispensa;Homologada;51 / 2023;04/10/2023 14h20;Prefeitura do Município de Londrina;Aquisição de produtos odontológicos constantes na lista de itens padronizados;"6.432,96"
Processo dispensa;Normal;Homologada;50 / 2023;28/09/2023 17h25;Prefeitura do Município de Londrina;Hospedagem e alimentação  Participação Cidadã da Pessoa Idosos;"4.963,00"
Processo dispensa;Normal;Homologada;49 / 2023;28/09/2023 16h54;Prefeitura do Município de Londrina;Contratação por dispensa de licitação para elaboração de projetos completos e ap;"45.150,00"
Processo dispensa;Normal;Homologada;48 / 2023;28/09/2023 14h20;Prefeitura do Município de Londrina;Transporte dos participantes dos Jogos Abertos PR;"55.200,00"
Processo dispensa;Processo de Dispensa;Homologada;47 / 2023;13/09/2023 12h23;Prefeitura do Município de Londrina;Serviço Emergencial Transporte Escolar Rural e Urbano - Chácara Sul e Limoeiro;"867.224,26"
Processo dispensa;Normal;Homologada;46 / 2023;04/09/2023 15h55;Prefeitura do Município de Londrina;Aquisição de material de OSTOMIA para manutenção dos tratamentos da população;"72.932,20"
Processo dispensa;Processo de Dispensa;Homologada;45 / 2023;01/09/2023 13h00;Prefeitura do Município de Londrina;Aquisição de materiais medico-hospitalares;"3.832,70"
Processo dispensa;Normal;Homologada;44 / 2023;31/08/2023 12h00;Prefeitura do Município de Londrina;Fornecimento emergencial de medicamentos: ACETILCISTEÍNA 100 MG/ML - SOLUÇÃO INJ;"195.097,11"
Processo dispensa;Processo de Dispensa;Homologada;43 / 2023;30/08/2023 16h28;Prefeitura do Município de Londrina;Contratação Emergencial de Transporte Escolar Rural e Urbano - Lote Irerê;"1.037.768,14"
Processo dispensa;Normal;Homologada;42 / 2023;24/08/2023 14h24;Prefeitura do Município de Londrina;Prestação de Serviços de Transporte Escolar Rural e Urbano - LOTE GUARAVERA;"1.170.677,64"
Processo dispensa;Normal;Homologada;41 / 2023;15/08/2023 12h00;Prefeitura do Município de Londrina;Prestação de serviço Emergencial de Transporte Escolar rural e urbano - Paiquerê;"1.103.228,12"
Processo dispensa;Normal;Homologada;40 / 2023;10/08/2023 16h00;Prefeitura do Município de Londrina;Transporte dos participantes dos Jogos Abertos PR Florestópolis-Porecatu.;"14.360,00"
Processo dispensa;Normal;Homologada;39 / 2023;10/08/2023 12h30;Prefeitura do Município de Londrina;Revisão da viatura Renault/Oroch da GM;"1.259,81"
Processo dispensa;Normal;Homologada;38 / 2023;02/08/2023 12h55;Prefeitura do Município de Londrina;"Aquisição de materiais médicos hospitalares, atividades fins AMS.";"22.454,20"
Processo dispensa;Normal;Homologada;37 / 2023;19/07/2023 13h50;Prefeitura do Município de Londrina;Revisão da viatura L200 Triton Outdoor da GM.;"4.257,94"
Processo dispensa;Normal;Homologada;36 / 2023;17/07/2023 15h00;Prefeitura do Município de Londrina;Serviços especializados de desenho de polígonos e aeroinspeção;"620.000,00"
Processo dispensa;Normal;Homologada;35 / 2023;17/07/2023 14h05;Prefeitura do Município de Londrina;Aquisição de medicamentos para atividades fins da AMS/FMSL.;"25.076,40"
Processo dispensa;Normal;Homologada;34 / 2023;17/07/2023 12h00;Prefeitura do Município de Londrina;Medicamentos;"117.906,38"
Processo dispensa;Normal;Homologada;33 / 2023;13/07/2023 12h00;Prefeitura do Município de Londrina;Locação de imóvel para instalação do evento LONDRINA MAIS 2023;"138.856,00"
Processo dispensa;Normal;Homologada;32 / 2023;05/07/2023 17h20;Prefeitura do Município de Londrina;Aquisição de materiais médicos hospitalares constantes na lista de itens padroni;"8.280,00"
Processo dispensa;Normal;Homologada;31 / 2023;04/07/2023 16h00;Prefeitura do Município de Londrina;Aquisição emergencial de otoscópio e outros equipamentos médicos;;"27.515,00"
Processo dispensa;Normal;Homologada;30 / 2023;27/06/2023 17h15;Prefeitura do Município de Londrina;Aquisição de SAL em regime de emergência pela SME.;"22.620,00"
Processo dispensa;Normal;Homologada;29 / 2023;14/06/2023 13h10;Prefeitura do Município de Londrina;Aquisição medicamento SOLUÇÃO DE RINGER COM LACTATO;"27.988,50"
Processo dispensa;Normal;Homologada;28 / 2023;15/06/2023 17h41;Prefeitura do Município de Londrina;Aquisição de poltronas reclináveis e suportes de soro para Unidades Básicas de S;"54.607,00"
Processo dispensa;Normal;Homologada;27 / 2023;02/06/2023 10h00;Prefeitura do Município de Londrina;Contratação Emergencial para Prestação de Serviços de Transporte Escolar Rural;"653.961,80"
Processo dispensa;Normal;Homologada;26 / 2023;29/05/2023 17h20;Prefeitura do Município de Londrina;locação de equipamento concentrador de oxigênio portátil e ventilador portátil.;"24.660,00"
Processo dispensa;Normal;Homologada;25 / 2023;26/05/2023 13h00;Prefeitura do Município de Londrina;Prestação de serviços técnicos especializados para realização de revisão  da via;"1.648,49"
Processo dispensa;Normal;Homologada;24 / 2023;25/05/2023 08h00;Prefeitura do Município de Londrina;Transporte Escolar Rural e Urbano para o Município de Londrina - ELI VIVE I;"392.754,16"
Processo dispensa;Normal;Homologada;23 / 2023;25/05/2023 08h00;Prefeitura do Município de Londrina;Transporte Escolar Rural e Urbano para o Município de Londrina - ELI VIVE I;"1.431.897,07"
Processo dispensa;Normal;Homologada;22 / 2023;24/05/2023 16h00;Prefeitura do Município de Londrina;Aquisição de medicamentos para utilização de toda a rede de saúde municipal;"73.616,92"
Processo dispensa;Normal;Homologada;21 / 2023;24/05/2023;Prefeitura do Município de Londrina;Contratação de serviço de limpeza e manutenção das piscinas do Centro Esportivo;"8.500,00"
Processo dispensa;Normal;Homologada;20 / 2023;19/05/2023 16h50;Prefeitura do Município de Londrina;Revisão  da viatura MITSUBISHI L200 Triton Outdoor da GM [Garantia];"1.649,00"
Processo dispensa;Normal;Homologada;19 / 2023;25/05/2023 16h29;Prefeitura do Município de Londrina;Aquisição de medicamento (Sais para reidratação);"106.950,00"
Processo dispensa;Normal;Homologada;18 / 2023;15/05/2023 17h35;Prefeitura do Município de Londrina;Revisão  da viatura Hyundai HB 20 1.6 Vision da GM [Garantia];"665,42"
Processo dispensa;Normal;Homologada;17 / 2023;15/05/2023 15h35;Prefeitura do Município de Londrina;"Serviços de org., planej. e realização seleção candidatos Cons.Tutelar";"125.982,00"
Processo dispensa;Normal;Homologada;16 / 2023;11/05/2023 15h00;Prefeitura do Município de Londrina;O fornecimento imediato de lona plástica preta;"23.952,00"
Processo dispensa;Normal;Homologada;15 / 2023;05/05/2023 15h06;Prefeitura do Município de Londrina;DISPENSA - Aquisição de Computadores para atender a UBS Fraternidade;"102.780,00"
Processo dispensa;Normal;Homologada;14 / 2023;04/05/2023 12h50;Prefeitura do Município de Londrina;Aquisição de medicamentos para utilização de toda a rede de saúde municipal;"14.728,00"
Processo dispensa;Normal;Homologada;13 / 2023;03/05/2023 12h00;Prefeitura do Município de Londrina;Fornecimento imediato de ração para o CANIL da Guarda Municipal de Londrina.;"12.317,60"
Processo dispensa;Normal;Homologada;12 / 2023;18/04/2023 13h40;Prefeitura do Município de Londrina;fornecimento de  Cadastro Compartilhado da Receita Federal (B-Cadastro).;"102.404,90"
Processo dispensa;Normal;Homologada;11 / 2023;06/04/2023 17h59;Prefeitura do Município de Londrina;Serviços de Infraestrutura para hospedagem em nuvem do b-Cadastros e Contratação;"73.600,00"
Processo dispensa;Normal;Homologada;10 / 2023;06/04/2023 14h50;Prefeitura do Município de Londrina;Consultoria e assessoria para melhoria do ambiente de negócios pelo SEBRAE - PR.;"299.880,00"
Processo dispensa;Normal;Homologada;9 / 2023;30/03/2023 17h00;Prefeitura do Município de Londrina;"Contratação de pessoal de montagem, desmontagem e carregamento";"14.975,00"
Processo dispensa;Normal;Homologada;8 / 2023;24/03/2023 15h40;Prefeitura do Município de Londrina;Aquisição de medicamentos básicos para população;"292.786,20"
Processo dispensa;Processo de Dispensa;Homologada;7 / 2023;21/03/2023 11h11;Prefeitura do Município de Londrina;Internet via rádio para CTR Central de Tratamento de Resíduos de Londrina.;"3.357,00"
Processo dispensa;Normal;Homologada;6 / 2023;17/03/2023 14h40;Prefeitura do Município de Londrina;Prestação de serviços para contratação de empresa especializada em seguro;"423,28"
Processo dispensa;Normal;Homologada;4 / 2023;03/03/2023 14h13;Prefeitura do Município de Londrina;Prestação de serviços de integração com o eSocial;"1.814.640,00"
Processo dispensa;Processo de Dispensa;Homologada;3 / 2023;27/02/2023 11h11;Prefeitura do Município de Londrina;Aquisição de hidrometro medidor de vazão de água.;"1.285,00"
Processo dispensa;Normal;Homologada;2 / 2023;16/01/2023 13h05;Prefeitura do Município de Londrina;Aquisição emergencial de medicamentos para a rede de saúde municipal;"365.031,79"
Processo dispensa;Normal;Homologada;1 / 2023;06/01/2023;Prefeitura do Município de Londrina;"Aquisição emergencial de SOLUÇÃO DE CLORETO DE SÓDIO 0,9% INJETÁVEL DE 250ML, 50";"424.530,00"
Processo inexigibilidade;Normal;Homologada;82 / 2022;10/05/2023 16h08;Prefeitura do Município de Londrina;Credenciamento Médico;"138.451,20"
Processo inexigibilidade;Normal;Homologada;119 / 2023;28/12/2023 13h00;Prefeitura do Município de Londrina;Inexigibilidade para Aquisição de Material Médico Hospitalar (insumos de traqueo;"67.350,00"
Processo inexigibilidade;Normal;Homologada;118 / 2023;22/12/2023 14h00;Prefeitura do Município de Londrina;"Aquisição de Munições calibre 5,56x45";"100.728,20"
Processo inexigibilidade;Normal;Homologada;117 / 2023;28/12/2023 17h00;Prefeitura do Município de Londrina;Aquisição por Inexigibilidade de licitação de materiais de Equipamentos Hospital;"6.806,73"
Processo inexigibilidade;Normal;Homologada;116 / 2023;15/12/2023 16h02;Prefeitura do Município de Londrina;Contratação de 10 (dez) apresentações da ORQUESTRA DE METAIS LONDRINA - OML;"150.000,00"
Processo inexigibilidade;Normal;Homologada;115 / 2023;15/12/2023 15h46;Prefeitura do Município de Londrina;Contratação de pessoa jurídica para prestação de serviço médico na especialidade;"200.880,00"
Processo inexigibilidade;Normal;Homologada;114 / 2023;07/12/2023 13h00;Prefeitura do Município de Londrina;"Prestação de serviços assistenciais de saúde, ambulatorial e hospitalar, na médi";"374.757.378,60"
Processo inexigibilidade;Normal;Andamento (aguardando homologação);113 / 2023;04/12/2023 17h00;Prefeitura do Município de Londrina;Aquisição Armamento Guarda Municipal;"230.250,00"
Processo inexigibilidade;Normal;Homologada;112 / 2023;06/12/2023 17h20;Prefeitura do Município de Londrina;Locação de licenças de softwares para engenharia com soluções desenvolvidas pela;"31.707,00"
Processo inexigibilidade;Normal;Homologada;111 / 2023;28/11/2023 15h35;Prefeitura do Município de Londrina;1º fórum nacional de Controladoria Interna;"6.360,00"
Processo inexigibilidade;Normal;Homologada;110 / 2023;20/11/2023 13h00;Prefeitura do Município de Londrina;Capacitação de servidores na área de licitações com foco na Lei 14.133/2021 e pl;"9.950,00"
Processo inexigibilidade;Normal;Homologada;109 / 2023;12/12/2023 17h36;Prefeitura do Município de Londrina;Serviço Saúde Complementar SUS Especialidade Auditiva Média e Alta Complexidade;"13.802.483,40"
Processo inexigibilidade;Normal;Homologada;108 / 2023;16/11/2023 13h46;Prefeitura do Município de Londrina;Workshop_Caapsml;"7.350,00"
Processo inexigibilidade;Normal;Homologada;107 / 2023;16/11/2023;Prefeitura do Município de Londrina;Inexigibilidade para Aquisição de dispositivos de inteligência;"866.279,00"
Processo inexigibilidade;Normal;Homologada;106 / 2023;13/11/2023 15h00;Prefeitura do Município de Londrina; Locação de Imóvel para a Secretaria Municipal de Defesa Social;"99.720,00"
Processo inexigibilidade;Normal;Homologada;105 / 2023;09/11/2023 12h00;Prefeitura do Município de Londrina;Contratação Banco Preços;"108.650,00"
Processo inexigibilidade;Normal;Homologada;104 / 2023;06/11/2023 16h00;Prefeitura do Município de Londrina;Prestac¸a~o de servic¸os para decoração e iluminação natalina no município de Lo;"5.602.383,83"
Processo inexigibilidade;Normal;Homologada;103 / 2023;30/10/2023 15h13;Prefeitura do Município de Londrina;Curso  Auditoria Fiscal Digital do ISS com o Contágil Lite- Parte;"2.000,00"
Processo inexigibilidade;Normal;Homologada;102 / 2023;30/10/2023;Prefeitura do Município de Londrina; Implantação do Programa de Responsabilidade Social Folha Cidadania nas escolas;"231.565,50"
Processo inexigibilidade;Normal;Homologada;101 / 2023;18/10/2023 16h46;Prefeitura do Município de Londrina;Inscrição de servidores em Fórum Estadual Extraordinário da Undime  Paraná 2023.;"4.550,00"
Processo inexigibilidade;Normal;Homologada;100 / 2023;16/10/2023 15h15;Prefeitura do Município de Londrina;Inscrição no evento Curso Laboratório Concreto Asfáltico p/ Sec Obras e Paviment;"3.240,00"
Processo inexigibilidade;Normal;Homologada;99 / 2023;06/10/2023 16h06;Prefeitura do Município de Londrina;Neuromeeting;"2.235,00"
Processo inexigibilidade;Normal;Homologada;98 / 2023;02/10/2023 15h00;Prefeitura do Município de Londrina;Locação de espaço para a Capacitação do Sistema de Informações Sobre Orçamento e;"4.800,00"
Processo inexigibilidade;Normal;Homologada;97 / 2023;25/09/2023 12h00;Prefeitura do Município de Londrina;"Contratação pela modalidade Outsourcing de Solução com Sistemas de Repressão, Mo";"4.873.264,20"
Processo inexigibilidade;Normal;Homologada;96 / 2023;22/09/2023 17h19;Prefeitura do Município de Londrina;2º Simpósio Paranaense de Saúde Pública;"8.820,00"
Processo inexigibilidade;Normal;Homologada;95 / 2023;22/09/2023 17h12;Prefeitura do Município de Londrina;"Contratação Instituição Promotora evento XII SENAM - 27, 28 e 29/09/2023";"9.810,00"
Processo inexigibilidade;Normal;Homologada;94 / 2023;25/09/2023 17h01;Prefeitura do Município de Londrina;Contratação para o fornecimento da licença de uso de aplicativo  Novo  GovFácil.;"28.000,00"
Processo inexigibilidade;Normal;Homologada;93 / 2023;18/09/2023 12h25;Prefeitura do Município de Londrina;Prestação de serviços assistenciais de saúde [SUS].;"334.152,00"
Processo inexigibilidade;Normal;Homologada;92 / 2023;13/09/2023 12h20;Prefeitura do Município de Londrina;Contratação da instituição promotora do evento "25º ENACOR;"1.000,00"
Processo inexigibilidade;Normal;Homologada;91 / 2023;06/09/2023 12h25;Prefeitura do Município de Londrina;Inscrição de servidores em seminário da UNDIME;"24.000,00"
Processo inexigibilidade;Normal;Homologada;90 / 2023;28/08/2023 17h40;Prefeitura do Município de Londrina;21º Congresso Previdenciário da APEPREV;"7.000,00"
Processo inexigibilidade;Normal;Homologada;89 / 2023;22/08/2023 16h35;Prefeitura do Município de Londrina;serviços bancários de arrecadação de tributos municipais;"393.750,00"
Processo inexigibilidade;Normal;Homologada;88 / 2023;16/08/2023 16h10;Prefeitura do Município de Londrina;"XIV Jornada Paranaense de Psiquiatria";"12.859,00"
Processo inexigibilidade;Normal;Homologada;87 / 2023;17/08/2023 17h24;Prefeitura do Município de Londrina;Prestação  de serviço especializado de manutenção de Aparelhos de Topográficos.;"7.113,04"
Processo inexigibilidade;Normal;Homologada;86 / 2023;14/08/2023 15h35;Prefeitura do Município de Londrina;"CERTIFICADOS DIGITAIS ICP/BRASIL/AC-OAB, TIPO A3,";"4.680,00"
Processo inexigibilidade;Normal;Homologada;85 / 2023;14/08/2023 14h30;Prefeitura do Município de Londrina;Curso sobre práticas de fiscalização dos tributos municipais e ISS;"4.500,00"
Processo inexigibilidade;Normal;Homologada;84 / 2023;10/08/2023 16h45;Prefeitura do Município de Londrina;evento "XIV JPP - V Simpósio da Saúde Mental da Criança e do Educador;"25.350,00"
Processo inexigibilidade;Normal;Homologada;83 / 2023;09/08/2023 13h00;Prefeitura do Município de Londrina;Termo de Fomento tem como objeto o repasse de recurso à SOVIDA;"22.619,04"
Processo inexigibilidade;Normal;Homologada;82 / 2023;03/08/2023;Prefeitura do Município de Londrina;Curso CAAPSML - eSocial;"4.780,00"
Processo inexigibilidade;Normal;Homologada;81 / 2023;01/08/2023 17h45;Prefeitura do Município de Londrina;consultoria para o Projeto Trilha da Cidadania da Proteção Social Especia;"357.262,40"
Processo inexigibilidade;Normal;Homologada;80 / 2023;31/07/2023 13h05;Prefeitura do Município de Londrina;Prestação de serviços assistenciais de saúde (SUS).;"18.034.350,33"
Processo inexigibilidade;Normal;Homologada;79 / 2023;28/07/2023;Prefeitura do Município de Londrina;Prestação de serviços de calibragem ETILÔMETRO;"2.447,88"
Processo inexigibilidade;Normal;Homologada;78 / 2023;25/07/2023 16h40;Prefeitura do Município de Londrina;"Inscrição evento  \"Expo Compliance 2023\",";"400,00"
Processo inexigibilidade;Normal;Homologada;77 / 2023;12/07/2023 12h23;Prefeitura do Município de Londrina;Contratação de Serviços de Formação de Professores;"566.594,00"
Processo inexigibilidade;Normal;Homologada;76 / 2023;12/07/2023 10h00;Prefeitura do Município de Londrina;Contratação de serviços de formação de professores: "Português em Aula";"505.544,00"
Processo inexigibilidade;Normal;Homologada;75 / 2023;07/07/2023 12h35;Prefeitura do Município de Londrina;Aquisição de cesta básica para fenilcetonúricos Mandado Judicial;"11.115,00"
Processo inexigibilidade;Credenciamento/Chamamento;Homologada;74 / 2023;10/07/2023 16h32;Prefeitura do Município de Londrina;Contratação de pessoa jurídica para prestação de serviços médicos nas especialid;"360.590,64"
Processo inexigibilidade;Credenciamento/Chamamento;Homologada;73 / 2023;30/06/2023 17h34;Prefeitura do Município de Londrina;Palestrante Londrina Mais;"10.000,00"
Processo inexigibilidade;Normal;Homologada;72 / 2023;29/06/2023 13h05;Prefeitura do Município de Londrina;"Aquisição de Munições calibre 40 SW, 9mm e calibre 12 para GM";"106.680,48"
Processo inexigibilidade;Credenciamento/Chamamento;Homologada;70 / 2023;28/06/2023 17h35;Prefeitura do Município de Londrina;Contratação de prestação de serviço de palestra ministrada aos professores da Re;"10.000,00"
Processo inexigibilidade;Credenciamento/Chamamento;Homologada;69 / 2023;28/06/2023 17h35;Prefeitura do Município de Londrina;Contratação de prestação de serviço de palestra ministrada aos professores da Re;"10.000,00"
Processo inexigibilidade;Credenciamento/Chamamento;Homologada;68 / 2023;28/06/2023 17h35;Prefeitura do Município de Londrina;Contratação de prestação de serviço de palestra ministrada aos professores da Re;"10.000,00"
Processo inexigibilidade;Credenciamento/Chamamento;Homologada;67 / 2023;28/06/2023 17h35;Prefeitura do Município de Londrina;Contratação de prestação de serviço de palestra ministrada aos professores da Re;"10.000,00"
Processo inexigibilidade;Credenciamento/Chamamento;Homologada;66 / 2023;28/06/2023 17h33;Prefeitura do Município de Londrina;Contratação de PJ. para prestação de serv. médicos na especialidade: Psiquiatria;"701.890,56"
Processo inexigibilidade;Credenciamento/Chamamento;Homologada;65 / 2023;26/06/2023 17h33;Prefeitura do Município de Londrina;Palestrantes Londrina Mais;"10.000,00"
Processo inexigibilidade;Credenciamento/Chamamento;Homologada;64 / 2023;26/06/2023 17h39;Prefeitura do Município de Londrina;Contratação de prestação de serviço de palestra ministrada aos professores da Re;"10.000,00"
Processo inexigibilidade;Credenciamento/Chamamento;Homologada;63 / 2023;26/06/2023 17h39;Prefeitura do Município de Londrina;Contratação de prestação de serviço de palestra ministrada aos professores da Re;"10.000,00"
Processo inexigibilidade;Normal;Homologada;62 / 2023;20/06/2023 17h05;Prefeitura do Município de Londrina;Inscrição no "II Congresso de Alfabetização: da Ciência Cognitiva à Prática Esco;"2.970,00"
Processo inexigibilidade;Credenciamento/Chamamento;Homologada;61 / 2023;21/06/2023 17h51;Prefeitura do Município de Londrina;Contratação de prestação de serviço de palestra ministrada aos professores da Re;"10.000,00"
Processo inexigibilidade;Credenciamento/Chamamento;Homologada;60 / 2023;21/06/2023 17h51;Prefeitura do Município de Londrina;Contratação de prestação de serviço de palestra ministrada aos professores da Re;"10.000,00"
Processo inexigibilidade;Credenciamento/Chamamento;Homologada;59 / 2023;15/06/2023 17h23;Prefeitura do Município de Londrina;Palestrantes Londrina Mais;"10.000,00"
Processo inexigibilidade;Credenciamento/Chamamento;Homologada;58 / 2023;15/06/2023 16h58;Prefeitura do Município de Londrina;Palestrantes Londrina Mais;"70.000,00"
Processo inexigibilidade;Credenciamento/Chamamento;Homologada;57 / 2023;15/06/2023 14h49;Prefeitura do Município de Londrina;Palestrantes Londrina Mais;"10.000,00"
Processo inexigibilidade;Credenciamento/Chamamento;Homologada;56 / 2023;15/06/2023 14h14;Prefeitura do Município de Londrina;Palestrantes Londrina Mais - Iramaia Ranai Gallerani;"10.000,00"
Processo inexigibilidade;Normal;Homologada;55 / 2023;14/06/2023 15h00;Prefeitura do Município de Londrina;Prestação de serviços de palestra e promoção de debate;"6.500,00"
Processo inexigibilidade;Credenciamento/Chamamento;Homologada;54 / 2023;19/06/2023 18h00;Prefeitura do Município de Londrina;Contratação Palestrantes Londrina Mais - FATUM EDUCAÇÃO;"10.000,00"
Processo inexigibilidade;Credenciamento/Chamamento;Homologada;53 / 2023;19/06/2023 00h00;Prefeitura do Município de Londrina;Contratação palestrantes Londrina Mais;"10.000,00"
Processo inexigibilidade;Credenciamento/Chamamento;Homologada;52 / 2023;26/06/2023 17h41;Prefeitura do Município de Londrina;Contratação de PJ para prestação de serv. médicos nas especialidades: Clínico G.;"712.976,16"
Processo inexigibilidade;Credenciamento/Chamamento;Homologada;51 / 2023;07/06/2023 18h25;Prefeitura do Município de Londrina;Contratação de P.J. para a prestação de serv. de plantões médicos especialidades;"1.298.304,00"
Processo inexigibilidade;Normal;Homologada;50 / 2023;05/06/2023 16h00;Prefeitura do Município de Londrina;Prestação de serviços assistenciais de saúde no âmbito do Sistema Único de Saúde;"891.605,00"
Processo inexigibilidade;Credenciamento/Chamamento;Homologada;49 / 2023;13/06/2023 16h35;Prefeitura do Município de Londrina;Contratação de prestação de serviço de palestra ministrada aos professores da Re;"10.000,00"
Processo inexigibilidade;Normal;Homologada;48 / 2023;31/05/2023 13h55;Prefeitura do Município de Londrina;Prestação de serviços assistenciais de saúde Médico Plantonista SAMU;"83.700,00"
Processo inexigibilidade;Credenciamento/Chamamento;Homologada;47 / 2023;29/05/2023 17h18;Prefeitura do Município de Londrina;Contratação de pessoa jurídica para prestação de serviços médicos nas especialid;"83.558,40"
Processo inexigibilidade;Credenciamento/Chamamento;Homologada;46 / 2023;29/05/2023 14h36;Prefeitura do Município de Londrina;Contratação de PJ para prestação de serviços médicos: OBSTETRÍCIA - PLANTONISTA.;"82.880,64"
Processo inexigibilidade;Credenciamento/Chamamento;Homologada;45 / 2023;26/05/2023 15h52;Prefeitura do Município de Londrina;Contratação de PJ para prestação de serviços médicos:  NEONATOLOGIA PLANTONISTA.;"309.348,00"
Processo inexigibilidade;Credenciamento/Chamamento;Homologada;44 / 2023;26/05/2023 15h51;Prefeitura do Município de Londrina;Contratação de PJ para prestação de serviços médicos: ANESTESIOLOGIA PLANTONISTA;"165.761,28"
Processo inexigibilidade;Normal;Homologada;43 / 2023;23/05/2023 17h00;Prefeitura do Município de Londrina;Contratação da empresa Liz Serviços Online Ltda;"164.900,00"
Processo inexigibilidade;Normal;Homologada;42 / 2023;23/05/2023 12h00;Prefeitura do Município de Londrina;Prestação de serviços especializados em Outsourcing na disponibilizacão de table;"23.477.843,52"
Processo inexigibilidade;Credenciamento/Chamamento;Homologada;41 / 2023;25/05/2023 17h44;Prefeitura do Município de Londrina;Contratação de PJ para prestação de serv médicos: PSIQUIATRIA CAPS III E CAPS PA;"367.656,96"
Processo inexigibilidade;Normal;Homologada;40 / 2023;23/05/2023 13h08;Prefeitura do Município de Londrina;Curso "Prática do ISS na Construção Civil ";"690,00"
Processo inexigibilidade;Normal;Homologada;39 / 2023;23/05/2023 12h27;Prefeitura do Município de Londrina;Curso simples nacional on line;"990,00"
Processo inexigibilidade;Normal;Homologada;38 / 2023;22/05/2023 17h03;Prefeitura do Município de Londrina;"Workshop COMPREV na Prática, que acontecerá de 03 a 06 de julho de 2023, em Curi";"2.550,00"
Processo inexigibilidade;Normal;Homologada;37 / 2023;19/05/2023 16h19;Prefeitura do Município de Londrina;"Curso A FISCALIZAÇÃO E A COBRANÇA DO ITBI, que acontecerá no dia 22 de maio de 2";"690,00"
Processo inexigibilidade;Credenciamento/Chamamento;Homologada;36 / 2023;23/05/2023 15h34;Prefeitura do Município de Londrina;Contratação de PJ para prestação de serviços médicos: OBSTETRÍCIA - PLANTONISTA.;"103.600,80"
Processo inexigibilidade;Credenciamento/Chamamento;Homologada;35 / 2023;23/05/2023 14h24;Prefeitura do Município de Londrina;Contratação de PJ para prestação de serviços de NEONATOLOGIA PLANTONISTA - MMLB.;"247.478,40"
Processo inexigibilidade;Credenciamento/Chamamento;Homologada;34 / 2023;19/05/2023 15h07;Prefeitura do Município de Londrina;Contratação de P. Jur. para prestação de serviços de  ANESTESIOLOGIA PLANTONISTA;"248.641,92"
Processo inexigibilidade;Normal;Homologada;33 / 2023;16/05/2023 17h15;Prefeitura do Município de Londrina;serviços de solução de gestão de processos judiciais para a PGM/Lna;"1.500.720,00"
Processo inexigibilidade;Normal;Homologada;32 / 2023;18/05/2023 17h21;Prefeitura do Município de Londrina;Contratação de pessoa jurídica para prestação de serviços médicos nas especialid;"167.116,80"
Processo inexigibilidade;Credenciamento/Chamamento;Homologada;31 / 2023;17/05/2023 17h45;Prefeitura do Município de Londrina;Contratação de PJ para prestação de serviços de MÉDICO OBSTETRÍCIA - PLANTONISTA;"82.880,64"
Processo inexigibilidade;Normal;Homologada;30 / 2023;11/05/2023 16h15;Prefeitura do Município de Londrina;Inscrição no 56º Congresso Nacional da ABIPEM;"6.840,00"
Processo inexigibilidade;Credenciamento/Chamamento;Homologada;29 / 2023;10/05/2023 16h08;Prefeitura do Município de Londrina;Contratação de pessoa jurídica para prestação de serviços médicos nas especialid;"235.104,48"
Processo inexigibilidade;Credenciamento/Chamamento;Homologada;28 / 2023;10/05/2023 16h08;Prefeitura do Município de Londrina;Contratação de pessoa jurídica para prestação de serviço médico na especialidade;"371.217,60"
Processo inexigibilidade;Normal;Homologada;27 / 2023;09/05/2023 17h45;Prefeitura do Município de Londrina;Inscrição de servidores no Curso: 11º CONPEF;"12.160,00"
Processo inexigibilidade;Credenciamento/Chamamento;Homologada;26 / 2023;05/05/2023 17h48;Prefeitura do Município de Londrina;"Contratação de serviços: MÉDICO PSIQUIATRA - CAPS III, INFANTIL E ÁLCOOL/DROGAS.";"133.693,44"
Processo inexigibilidade;Credenciamento/Chamamento;Homologada;25 / 2023;05/05/2023 17h48;Prefeitura do Município de Londrina;Contratação de PJ para serv. médicos na especialidade Clínico Geral Plantonista.;"103.838,40"
Processo inexigibilidade;Normal;Homologada;24 / 2023;03/05/2023 15h29;Prefeitura do Município de Londrina;Seminário on-line: IV SIFRA;"2.800,00"
Processo inexigibilidade;Credenciamento/Chamamento;Homologada;23 / 2023;05/05/2023 17h48;Prefeitura do Município de Londrina;Contratação de PJ. para prestação de serv. médicos na especialidade Obstetrícia.;"82.880,64"
Processo inexigibilidade;Normal;Homologada;22 / 2023;02/05/2023 14h37;Prefeitura do Município de Londrina;Contratação de pessoa jurídica para prestação de serviços médico Psiquiatria;"250.675,20"
Processo inexigibilidade;Credenciamento/Chamamento;Homologada;21 / 2023;03/05/2023 17h45;Prefeitura do Município de Londrina;Contratação de pessoa jurídica para prestação de serviço médico na especialidade;"47.064,96"
Processo inexigibilidade;Credenciamento/Chamamento;Homologada;20 / 2023;03/05/2023 17h45;Prefeitura do Município de Londrina;Contratação de pessoa jurídica para prestação de serviço médico na especialidade;"197.982,72"
Processo inexigibilidade;Normal;Homologada;19 / 2023;25/04/2023 17h45;Prefeitura do Município de Londrina;Prestação de serviços de saúde de Médico Plantonista Atendimento Criança;"128.067,36"
Processo inexigibilidade;Credenciamento/Chamamento;Homologada;18 / 2023;03/05/2023 17h45;Prefeitura do Município de Londrina;Credenciamento e contratação de pessoa jurídica para prestação de serviços médic;"128.067,36"
Processo inexigibilidade;Normal;Homologada;17 / 2023;13/04/2023 14h20;Prefeitura do Município de Londrina;"Prestação de serviços assistenciais de saúde, especialidades Médico Psiquiatra";"300.810,24"
Processo inexigibilidade;Credenciamento/Chamamento;Homologada;16 / 2023;14/04/2023 13h00;Prefeitura do Município de Londrina;MÉDICO OBSTETRÍCIA PLANTONISTA - MATERNIDADE.;"165.761,28"
Processo inexigibilidade;Credenciamento/Chamamento;Homologada;15 / 2023;10/04/2023 17h35;Prefeitura do Município de Londrina;MÉDICO PLANTONISTA ORTOPEDIA - UPA SABARÁ E UPA C.0ESTE.;"50.987,04"
Processo inexigibilidade;Normal;Homologada;14 / 2023;03/04/2023 12h55;Prefeitura do Município de Londrina;Prestação de serviços assistenciais de saúde Médico Obstetra SUS;"124.320,96"
Processo inexigibilidade;Normal;Homologada;13 / 2023;27/03/2023 12h00;Prefeitura do Município de Londrina;Aquisição de equipamentos de videoconferência.;"207.204,41"
Processo inexigibilidade;Normal;Homologada;12 / 2023;22/03/2023 16h15;Prefeitura do Município de Londrina;"Prestação de serviços assistenciais de saúde, especialidade de Médico Psiquiatra";"200.540,16"
Processo inexigibilidade;Normal;Homologada;11 / 2023;22/03/2023 14h20;Prefeitura do Município de Londrina;Prestação de serviços assistenciais de saúde especialidades de Médico Psiquiatra;"100.270,08"
Processo inexigibilidade;Normal;Homologada;10 / 2023;13/03/2023 16h51;Prefeitura do Município de Londrina;Inscrições para o curso orientações avançadas para seleção de conselheiro tutela;"2.780,00"
Processo inexigibilidade;Credenciamento/Chamamento;Homologada;9 / 2023;14/03/2023 15h21;Prefeitura do Município de Londrina;Credenciamento e contratação de PJ para prestação de serviços médicos;"334.487,52"
Processo inexigibilidade;Normal;Homologada;8 / 2023;02/03/2023 09h00;Prefeitura do Município de Londrina;Contratação de serviços técnicos especializados na área de arquitetura e engenha;"486.000,00"
Processo inexigibilidade;Normal;Homologada;7 / 2023;23/02/2023 12h00;Prefeitura do Município de Londrina;Contratação de adequação de projetos e serviços de engenharia;"117.501,00"
Processo inexigibilidade;Normal;Homologada;6 / 2023;23/02/2023 14h45;Prefeitura do Município de Londrina;Prestação de serviços médicos Plantonista Atendimento Criança;"128.067,36"
Processo inexigibilidade;Normal;Homologada;5 / 2023;23/02/2023 12h30;Prefeitura do Município de Londrina;Prestação de serviços de Médico Plantonista SAMU;"83.700,00"
Processo inexigibilidade;Normal;Homologada;4 / 2023;09/02/2023 15h05;Prefeitura do Município de Londrina;Aquisição de licenças permanentes do Software ARCHICAD;"462.210,00"
Processo inexigibilidade;Normal;Homologada;3 / 2023;19/01/2023 17h50;Prefeitura do Município de Londrina;Aquisição de  registro adicional da licença do software TS-Sisreg®;"2.160,00"
Processo inexigibilidade;Normal;Homologada;2 / 2023;19/01/2023 12h20;Prefeitura do Município de Londrina;Aquisição de licenças Software Solibri Office.;"627.213,29"
Processo inexigibilidade;Normal;Homologada;1 / 2023;17/01/2023 14h38;Prefeitura do Município de Londrina;Termo de Convênio tem por objeto a operacionalização das ações administrativas n;"2.897.760,00"
